Copyright 1986-2022 Xilinx, Inc. All Rights Reserved. Copyright 2022-2026 Advanced Micro Devices, Inc. All Rights Reserved.
------------------------------------------------------------------------------------------------------------------------------------------------------------------------------------------------------------------------------------------------------------
| Tool Version : Vivado v.2025.2.1 (win64) Build 6403652 Thu Mar 19 19:48:24 GMT 2026
| Date         : Fri Jul  3 01:54:16 2026
| Host         : LAPTOP-HBTVKKGR running 64-bit major release  (build 9200)
| Command      : report_timing_summary -max_paths 10 -routable_nets -report_unconstrained -file design_1_wrapper_timing_summary_routed.rpt -pb design_1_wrapper_timing_summary_routed.pb -rpx design_1_wrapper_timing_summary_routed.rpx -warn_on_violation
| Design       : design_1_wrapper
| Device       : 7z020-clg400
| Speed File   : -1  PRODUCTION 1.12 2019-11-22
| Design State : Routed
------------------------------------------------------------------------------------------------------------------------------------------------------------------------------------------------------------------------------------------------------------

Timing Summary Report

------------------------------------------------------------------------------------------------
| Timer Settings
| --------------
------------------------------------------------------------------------------------------------

  Enable Multi Corner Analysis               :  Yes
  Enable Pessimism Removal                   :  Yes
  Pessimism Removal Resolution               :  Nearest Common Node
  Enable Input Delay Default Clock           :  No
  Enable Preset / Clear Arcs                 :  No
  Disable Flight Delays                      :  No
  Ignore I/O Paths                           :  No
  Timing Early Launch at Borrowing Latches   :  No
  Borrow Time for Max Delay Exceptions       :  Yes
  Merge Timing Exceptions                    :  Yes
  Inter-SLR Compensation                     :  Conservative

  Corner  Analyze    Analyze    
  Name    Max Paths  Min Paths  
  ------  ---------  ---------  
  Slow    Yes        Yes        
  Fast    Yes        Yes        


------------------------------------------------------------------------------------------------
| Report Methodology
| ------------------
------------------------------------------------------------------------------------------------

No report available as report_methodology has not been run prior. Run report_methodology on the current design for the summary of methodology violations.



check_timing report

Table of Contents
-----------------
1. checking no_clock (0)
2. checking constant_clock (0)
3. checking pulse_width_clock (0)
4. checking unconstrained_internal_endpoints (0)
5. checking no_input_delay (0)
6. checking no_output_delay (4)
7. checking multiple_clock (0)
8. checking generated_clocks (0)
9. checking loops (0)
10. checking partial_input_delay (0)
11. checking partial_output_delay (0)
12. checking latch_loops (0)

1. checking no_clock (0)
------------------------
 There are 0 register/latch pins with no clock.


2. checking constant_clock (0)
------------------------------
 There are 0 register/latch pins with constant_clock.


3. checking pulse_width_clock (0)
---------------------------------
 There are 0 register/latch pins which need pulse_width check


4. checking unconstrained_internal_endpoints (0)
------------------------------------------------
 There are 0 pins that are not constrained for maximum delay.

 There are 0 pins that are not constrained for maximum delay due to constant clock.


5. checking no_input_delay (0)
------------------------------
 There are 0 input ports with no input delay specified.

 There are 0 input ports with no input delay but user has a false path constraint.


6. checking no_output_delay (4)
-------------------------------
 There are 0 ports with no output delay specified.

 There are 4 ports with no output delay but user has a false path constraint (MEDIUM)

 There are 0 ports with no output delay but with a timing clock defined on it or propagating through it


7. checking multiple_clock (0)
------------------------------
 There are 0 register/latch pins with multiple clocks.


8. checking generated_clocks (0)
--------------------------------
 There are 0 generated clocks that are not connected to a clock source.


9. checking loops (0)
---------------------
 There are 0 combinational loops in the design.


10. checking partial_input_delay (0)
------------------------------------
 There are 0 input ports with partial input delay specified.


11. checking partial_output_delay (0)
-------------------------------------
 There are 0 ports with partial output delay specified.


12. checking latch_loops (0)
----------------------------
 There are 0 combinational latch loops in the design through latch input



------------------------------------------------------------------------------------------------
| Design Timing Summary
| ---------------------
------------------------------------------------------------------------------------------------

    WNS(ns)      TNS(ns)  TNS Failing Endpoints  TNS Total Endpoints      WHS(ns)      THS(ns)  THS Failing Endpoints  THS Total Endpoints     WPWS(ns)     TPWS(ns)  TPWS Failing Endpoints  TPWS Total Endpoints  
    -------      -------  ---------------------  -------------------      -------      -------  ---------------------  -------------------     --------     --------  ----------------------  --------------------  
      0.655        0.000                      0                15489        0.020        0.000                      0                15489        8.750        0.000                       0                  5198  


All user specified timing constraints are met.


------------------------------------------------------------------------------------------------
| Clock Summary
| -------------
------------------------------------------------------------------------------------------------

Clock       Waveform(ns)       Period(ns)      Frequency(MHz)
-----       ------------       ----------      --------------
clk_fpga_0  {0.000 10.000}     20.000          50.000          


------------------------------------------------------------------------------------------------
| Intra Clock Table
| -----------------
------------------------------------------------------------------------------------------------

Clock             WNS(ns)      TNS(ns)  TNS Failing Endpoints  TNS Total Endpoints      WHS(ns)      THS(ns)  THS Failing Endpoints  THS Total Endpoints     WPWS(ns)     TPWS(ns)  TPWS Failing Endpoints  TPWS Total Endpoints  
-----             -------      -------  ---------------------  -------------------      -------      -------  ---------------------  -------------------     --------     --------  ----------------------  --------------------  
clk_fpga_0          0.655        0.000                      0                15489        0.020        0.000                      0                15489        8.750        0.000                       0                  5198  


------------------------------------------------------------------------------------------------
| Inter Clock Table
| -----------------
------------------------------------------------------------------------------------------------

From Clock    To Clock          WNS(ns)      TNS(ns)  TNS Failing Endpoints  TNS Total Endpoints      WHS(ns)      THS(ns)  THS Failing Endpoints  THS Total Endpoints  
----------    --------          -------      -------  ---------------------  -------------------      -------      -------  ---------------------  -------------------  


------------------------------------------------------------------------------------------------
| Other Path Groups Table
| -----------------------
------------------------------------------------------------------------------------------------

Path Group    From Clock    To Clock          WNS(ns)      TNS(ns)  TNS Failing Endpoints  TNS Total Endpoints      WHS(ns)      THS(ns)  THS Failing Endpoints  THS Total Endpoints  
----------    ----------    --------          -------      -------  ---------------------  -------------------      -------      -------  ---------------------  -------------------  


------------------------------------------------------------------------------------------------
| User Ignored Path Table
| -----------------------
------------------------------------------------------------------------------------------------

Path Group    From Clock    To Clock    
----------    ----------    --------    
(none)        clk_fpga_0                  
(none)                      clk_fpga_0    
(none)        clk_fpga_0    clk_fpga_0    


------------------------------------------------------------------------------------------------
| Unconstrained Path Table
| ------------------------
------------------------------------------------------------------------------------------------

Path Group    From Clock    To Clock    
----------    ----------    --------    


------------------------------------------------------------------------------------------------
| Timing Details
| --------------
------------------------------------------------------------------------------------------------


---------------------------------------------------------------------------------------------------
From Clock:  clk_fpga_0
  To Clock:  clk_fpga_0

Setup :            0  Failing Endpoints,  Worst Slack        0.655ns,  Total Violation        0.000ns
Hold  :            0  Failing Endpoints,  Worst Slack        0.020ns,  Total Violation        0.000ns
PW    :            0  Failing Endpoints,  Worst Slack        8.750ns,  Total Violation        0.000ns
---------------------------------------------------------------------------------------------------


Max Delay Paths
--------------------------------------------------------------------------------------
Slack (MET) :             0.655ns  (required time - arrival time)
  Source:                 design_1_i/top_0/inst/dmem/mem_reg_2_3/CLKBWRCLK
                            (rising edge-triggered cell RAMB36E1 clocked by clk_fpga_0  {rise@0.000ns fall@10.000ns period=20.000ns})
  Destination:            design_1_i/top_0/inst/cpu/R3/alu_resultM_reg[26]/D
                            (rising edge-triggered cell FDRE clocked by clk_fpga_0  {rise@0.000ns fall@10.000ns period=20.000ns})
  Path Group:             clk_fpga_0
  Path Type:              Setup (Max at Slow Process Corner)
  Requirement:            20.000ns  (clk_fpga_0 rise@20.000ns - clk_fpga_0 rise@0.000ns)
  Data Path Delay:        19.010ns  (logic 10.808ns (56.854%)  route 8.202ns (43.146%))
  Logic Levels:           21  (CARRY4=11 DSP48E1=2 LUT2=1 LUT3=1 LUT5=3 LUT6=3)
  Clock Path Skew:        -0.111ns (DCD - SCD + CPR)
    Destination Clock Delay (DCD):    2.647ns = ( 22.647 - 20.000 ) 
    Source Clock Delay      (SCD):    2.987ns
    Clock Pessimism Removal (CPR):    0.229ns
  Clock Uncertainty:      0.302ns  ((TSJ^2 + TIJ^2)^1/2 + DJ) / 2 + PE
    Total System Jitter     (TSJ):    0.071ns
    Total Input Jitter      (TIJ):    0.600ns
    Discrete Jitter          (DJ):    0.000ns
    Phase Error              (PE):    0.000ns

    Location             Delay type                Incr(ns)  Path(ns)    Netlist Resource(s)
  -------------------------------------------------------------------    -------------------
                         (clock clk_fpga_0 rise edge)
                                                      0.000     0.000 r  
    PS7_X0Y0             PS7                          0.000     0.000 r  design_1_i/processing_system7_0/inst/PS7_i/FCLKCLK[0]
                         net (fo=1, routed)           1.193     1.193    design_1_i/processing_system7_0/inst/FCLK_CLK_unbuffered[0]
    BUFGCTRL_X0Y16       BUFG (Prop_bufg_I_O)         0.101     1.294 r  design_1_i/processing_system7_0/inst/buffer_fclk_clk_0.FCLK_CLK_0_BUFG/O
                         net (fo=5198, routed)        1.693     2.987    design_1_i/top_0/inst/dmem/clk
    RAMB36_X2Y18         RAMB36E1                                     r  design_1_i/top_0/inst/dmem/mem_reg_2_3/CLKBWRCLK
  -------------------------------------------------------------------    -------------------
    RAMB36_X2Y18         RAMB36E1 (Prop_ramb36e1_CLKBWRCLK_DOBDO[1])
                                                      2.454     5.441 r  design_1_i/top_0/inst/dmem/mem_reg_2_3/DOBDO[1]
                         net (fo=2, routed)           1.479     6.920    design_1_i/top_0/inst/dmem/rdata_a[23]
    SLICE_X48Y79         LUT6 (Prop_lut6_I5_O)        0.124     7.044 r  design_1_i/top_0/inst/dmem/registers[15][31]_i_3/O
                         net (fo=25, routed)          0.671     7.715    design_1_i/top_0/inst/cpu/R4/registers_reg[1][31]
    SLICE_X52Y80         LUT6 (Prop_lut6_I2_O)        0.124     7.839 r  design_1_i/top_0/inst/cpu/R4/registers[15][11]_i_1/O
                         net (fo=17, routed)          1.002     8.841    design_1_i/top_0/inst/cpu/R4/D[11]
    SLICE_X54Y77         LUT5 (Prop_lut5_I0_O)        0.124     8.965 r  design_1_i/top_0/inst/cpu/R4/write_dataM[11]_i_1/O
                         net (fo=7, routed)           1.109    10.074    design_1_i/top_0/inst/cpu/R2/p_uu_4
    SLICE_X45Y73         LUT3 (Prop_lut3_I1_O)        0.124    10.198 r  design_1_i/top_0/inst/cpu/R2/p_ss_i_21/O
                         net (fo=15, routed)          1.278    11.476    design_1_i/top_0/inst/cpu/my_alu/src_BE[11]
    DSP48_X2Y34          DSP48E1 (Prop_dsp48e1_B[11]_PCOUT[47])
                                                      3.851    15.327 r  design_1_i/top_0/inst/cpu/my_alu/p_ss__1/PCOUT[47]
                         net (fo=1, routed)           0.002    15.329    design_1_i/top_0/inst/cpu/my_alu/p_ss__1_n_106
    DSP48_X2Y35          DSP48E1 (Prop_dsp48e1_PCIN[47]_P[0])
                                                      1.518    16.847 r  design_1_i/top_0/inst/cpu/my_alu/p_ss__2/P[0]
                         net (fo=2, routed)           0.967    17.814    design_1_i/top_0/inst/cpu/my_alu/p_1_in[17]
    SLICE_X35Y78         LUT2 (Prop_lut2_I0_O)        0.124    17.938 r  design_1_i/top_0/inst/cpu/my_alu/alu_resultM[19]_i_40/O
                         net (fo=1, routed)           0.000    17.938    design_1_i/top_0/inst/cpu/my_alu/alu_resultM[19]_i_40_n_0
    SLICE_X35Y78         CARRY4 (Prop_carry4_S[1]_CO[3])
                                                      0.550    18.488 r  design_1_i/top_0/inst/cpu/my_alu/alu_resultM_reg[19]_i_18/CO[3]
                         net (fo=1, routed)           0.000    18.488    design_1_i/top_0/inst/cpu/my_alu/alu_resultM_reg[19]_i_18_n_0
    SLICE_X35Y79         CARRY4 (Prop_carry4_CI_CO[3])
                                                      0.114    18.602 r  design_1_i/top_0/inst/cpu/my_alu/alu_resultM_reg[23]_i_18/CO[3]
                         net (fo=1, routed)           0.000    18.602    design_1_i/top_0/inst/cpu/my_alu/alu_resultM_reg[23]_i_18_n_0
    SLICE_X35Y80         CARRY4 (Prop_carry4_CI_CO[3])
                                                      0.114    18.716 r  design_1_i/top_0/inst/cpu/my_alu/alu_resultM_reg[27]_i_18/CO[3]
                         net (fo=1, routed)           0.000    18.716    design_1_i/top_0/inst/cpu/my_alu/alu_resultM_reg[27]_i_18_n_0
    SLICE_X35Y81         CARRY4 (Prop_carry4_CI_CO[3])
                                                      0.114    18.830 r  design_1_i/top_0/inst/cpu/my_alu/alu_resultM_reg[31]_i_16/CO[3]
                         net (fo=1, routed)           0.000    18.830    design_1_i/top_0/inst/cpu/my_alu/alu_resultM_reg[31]_i_16_n_0
    SLICE_X35Y82         CARRY4 (Prop_carry4_CI_CO[3])
                                                      0.114    18.944 r  design_1_i/top_0/inst/cpu/my_alu/alu_resultM_reg[3]_i_18/CO[3]
                         net (fo=1, routed)           0.000    18.944    design_1_i/top_0/inst/cpu/my_alu/alu_resultM_reg[3]_i_18_n_0
    SLICE_X35Y83         CARRY4 (Prop_carry4_CI_CO[3])
                                                      0.114    19.058 r  design_1_i/top_0/inst/cpu/my_alu/alu_resultM_reg[7]_i_16/CO[3]
                         net (fo=1, routed)           0.000    19.058    design_1_i/top_0/inst/cpu/my_alu/alu_resultM_reg[7]_i_16_n_0
    SLICE_X35Y84         CARRY4 (Prop_carry4_CI_CO[3])
                                                      0.114    19.172 r  design_1_i/top_0/inst/cpu/my_alu/alu_resultM_reg[11]_i_16/CO[3]
                         net (fo=1, routed)           0.000    19.172    design_1_i/top_0/inst/cpu/my_alu/alu_resultM_reg[11]_i_16_n_0
    SLICE_X35Y85         CARRY4 (Prop_carry4_CI_CO[3])
                                                      0.114    19.286 r  design_1_i/top_0/inst/cpu/my_alu/alu_resultM_reg[15]_i_16/CO[3]
                         net (fo=1, routed)           0.000    19.286    design_1_i/top_0/inst/cpu/my_alu/alu_resultM_reg[15]_i_16_n_0
    SLICE_X35Y86         CARRY4 (Prop_carry4_CI_CO[3])
                                                      0.114    19.400 r  design_1_i/top_0/inst/cpu/my_alu/alu_resultM_reg[19]_i_17/CO[3]
                         net (fo=1, routed)           0.000    19.400    design_1_i/top_0/inst/cpu/my_alu/alu_resultM_reg[19]_i_17_n_0
    SLICE_X35Y87         CARRY4 (Prop_carry4_CI_CO[3])
                                                      0.114    19.514 r  design_1_i/top_0/inst/cpu/my_alu/alu_resultM_reg[23]_i_17/CO[3]
                         net (fo=1, routed)           0.000    19.514    design_1_i/top_0/inst/cpu/my_alu/alu_resultM_reg[23]_i_17_n_0
    SLICE_X35Y88         CARRY4 (Prop_carry4_CI_O[2])
                                                      0.239    19.753 r  design_1_i/top_0/inst/cpu/my_alu/alu_resultM_reg[27]_i_17/O[2]
                         net (fo=1, routed)           0.792    20.545    design_1_i/top_0/inst/cpu/my_alu/data12[26]
    SLICE_X36Y80         LUT6 (Prop_lut6_I1_O)        0.302    20.847 r  design_1_i/top_0/inst/cpu/my_alu/alu_resultM[26]_i_6/O
                         net (fo=1, routed)           0.488    21.335    design_1_i/top_0/inst/cpu/R2/alu_resultM_reg[26]_1
    SLICE_X37Y80         LUT5 (Prop_lut5_I4_O)        0.124    21.459 r  design_1_i/top_0/inst/cpu/R2/alu_resultM[26]_i_3/O
                         net (fo=1, routed)           0.414    21.873    design_1_i/top_0/inst/cpu/R2/alu_resultM[26]_i_3_n_0
    SLICE_X38Y80         LUT5 (Prop_lut5_I2_O)        0.124    21.997 r  design_1_i/top_0/inst/cpu/R2/alu_resultM[26]_i_1/O
                         net (fo=1, routed)           0.000    21.997    design_1_i/top_0/inst/cpu/R3/D[26]
    SLICE_X38Y80         FDRE                                         r  design_1_i/top_0/inst/cpu/R3/alu_resultM_reg[26]/D
  -------------------------------------------------------------------    -------------------

                         (clock clk_fpga_0 rise edge)
                                                     20.000    20.000 r  
    PS7_X0Y0             PS7                          0.000    20.000 r  design_1_i/processing_system7_0/inst/PS7_i/FCLKCLK[0]
                         net (fo=1, routed)           1.088    21.088    design_1_i/processing_system7_0/inst/FCLK_CLK_unbuffered[0]
    BUFGCTRL_X0Y16       BUFG (Prop_bufg_I_O)         0.091    21.179 r  design_1_i/processing_system7_0/inst/buffer_fclk_clk_0.FCLK_CLK_0_BUFG/O
                         net (fo=5198, routed)        1.468    22.647    design_1_i/top_0/inst/cpu/R3/clk
    SLICE_X38Y80         FDRE                                         r  design_1_i/top_0/inst/cpu/R3/alu_resultM_reg[26]/C
                         clock pessimism              0.229    22.876    
                         clock uncertainty           -0.302    22.574    
    SLICE_X38Y80         FDRE (Setup_fdre_C_D)        0.079    22.653    design_1_i/top_0/inst/cpu/R3/alu_resultM_reg[26]
  -------------------------------------------------------------------
                         required time                         22.653    
                         arrival time                         -21.997    
  -------------------------------------------------------------------
                         slack                                  0.655    

Slack (MET) :             0.729ns  (required time - arrival time)
  Source:                 design_1_i/top_0/inst/dmem/mem_reg_2_3/CLKBWRCLK
                            (rising edge-triggered cell RAMB36E1 clocked by clk_fpga_0  {rise@0.000ns fall@10.000ns period=20.000ns})
  Destination:            design_1_i/top_0/inst/cpu/R3/alu_resultM_reg[24]/D
                            (rising edge-triggered cell FDRE clocked by clk_fpga_0  {rise@0.000ns fall@10.000ns period=20.000ns})
  Path Group:             clk_fpga_0
  Path Type:              Setup (Max at Slow Process Corner)
  Requirement:            20.000ns  (clk_fpga_0 rise@20.000ns - clk_fpga_0 rise@0.000ns)
  Data Path Delay:        18.934ns  (logic 10.788ns (56.975%)  route 8.146ns (43.025%))
  Logic Levels:           21  (CARRY4=11 DSP48E1=2 LUT2=1 LUT3=1 LUT5=3 LUT6=3)
  Clock Path Skew:        -0.111ns (DCD - SCD + CPR)
    Destination Clock Delay (DCD):    2.647ns = ( 22.647 - 20.000 ) 
    Source Clock Delay      (SCD):    2.987ns
    Clock Pessimism Removal (CPR):    0.229ns
  Clock Uncertainty:      0.302ns  ((TSJ^2 + TIJ^2)^1/2 + DJ) / 2 + PE
    Total System Jitter     (TSJ):    0.071ns
    Total Input Jitter      (TIJ):    0.600ns
    Discrete Jitter          (DJ):    0.000ns
    Phase Error              (PE):    0.000ns

    Location             Delay type                Incr(ns)  Path(ns)    Netlist Resource(s)
  -------------------------------------------------------------------    -------------------
                         (clock clk_fpga_0 rise edge)
                                                      0.000     0.000 r  
    PS7_X0Y0             PS7                          0.000     0.000 r  design_1_i/processing_system7_0/inst/PS7_i/FCLKCLK[0]
                         net (fo=1, routed)           1.193     1.193    design_1_i/processing_system7_0/inst/FCLK_CLK_unbuffered[0]
    BUFGCTRL_X0Y16       BUFG (Prop_bufg_I_O)         0.101     1.294 r  design_1_i/processing_system7_0/inst/buffer_fclk_clk_0.FCLK_CLK_0_BUFG/O
                         net (fo=5198, routed)        1.693     2.987    design_1_i/top_0/inst/dmem/clk
    RAMB36_X2Y18         RAMB36E1                                     r  design_1_i/top_0/inst/dmem/mem_reg_2_3/CLKBWRCLK
  -------------------------------------------------------------------    -------------------
    RAMB36_X2Y18         RAMB36E1 (Prop_ramb36e1_CLKBWRCLK_DOBDO[1])
                                                      2.454     5.441 r  design_1_i/top_0/inst/dmem/mem_reg_2_3/DOBDO[1]
                         net (fo=2, routed)           1.479     6.920    design_1_i/top_0/inst/dmem/rdata_a[23]
    SLICE_X48Y79         LUT6 (Prop_lut6_I5_O)        0.124     7.044 r  design_1_i/top_0/inst/dmem/registers[15][31]_i_3/O
                         net (fo=25, routed)          0.671     7.715    design_1_i/top_0/inst/cpu/R4/registers_reg[1][31]
    SLICE_X52Y80         LUT6 (Prop_lut6_I2_O)        0.124     7.839 r  design_1_i/top_0/inst/cpu/R4/registers[15][11]_i_1/O
                         net (fo=17, routed)          1.002     8.841    design_1_i/top_0/inst/cpu/R4/D[11]
    SLICE_X54Y77         LUT5 (Prop_lut5_I0_O)        0.124     8.965 r  design_1_i/top_0/inst/cpu/R4/write_dataM[11]_i_1/O
                         net (fo=7, routed)           1.109    10.074    design_1_i/top_0/inst/cpu/R2/p_uu_4
    SLICE_X45Y73         LUT3 (Prop_lut3_I1_O)        0.124    10.198 r  design_1_i/top_0/inst/cpu/R2/p_ss_i_21/O
                         net (fo=15, routed)          1.278    11.476    design_1_i/top_0/inst/cpu/my_alu/src_BE[11]
    DSP48_X2Y34          DSP48E1 (Prop_dsp48e1_B[11]_PCOUT[47])
                                                      3.851    15.327 r  design_1_i/top_0/inst/cpu/my_alu/p_ss__1/PCOUT[47]
                         net (fo=1, routed)           0.002    15.329    design_1_i/top_0/inst/cpu/my_alu/p_ss__1_n_106
    DSP48_X2Y35          DSP48E1 (Prop_dsp48e1_PCIN[47]_P[0])
                                                      1.518    16.847 r  design_1_i/top_0/inst/cpu/my_alu/p_ss__2/P[0]
                         net (fo=2, routed)           0.967    17.814    design_1_i/top_0/inst/cpu/my_alu/p_1_in[17]
    SLICE_X35Y78         LUT2 (Prop_lut2_I0_O)        0.124    17.938 r  design_1_i/top_0/inst/cpu/my_alu/alu_resultM[19]_i_40/O
                         net (fo=1, routed)           0.000    17.938    design_1_i/top_0/inst/cpu/my_alu/alu_resultM[19]_i_40_n_0
    SLICE_X35Y78         CARRY4 (Prop_carry4_S[1]_CO[3])
                                                      0.550    18.488 r  design_1_i/top_0/inst/cpu/my_alu/alu_resultM_reg[19]_i_18/CO[3]
                         net (fo=1, routed)           0.000    18.488    design_1_i/top_0/inst/cpu/my_alu/alu_resultM_reg[19]_i_18_n_0
    SLICE_X35Y79         CARRY4 (Prop_carry4_CI_CO[3])
                                                      0.114    18.602 r  design_1_i/top_0/inst/cpu/my_alu/alu_resultM_reg[23]_i_18/CO[3]
                         net (fo=1, routed)           0.000    18.602    design_1_i/top_0/inst/cpu/my_alu/alu_resultM_reg[23]_i_18_n_0
    SLICE_X35Y80         CARRY4 (Prop_carry4_CI_CO[3])
                                                      0.114    18.716 r  design_1_i/top_0/inst/cpu/my_alu/alu_resultM_reg[27]_i_18/CO[3]
                         net (fo=1, routed)           0.000    18.716    design_1_i/top_0/inst/cpu/my_alu/alu_resultM_reg[27]_i_18_n_0
    SLICE_X35Y81         CARRY4 (Prop_carry4_CI_CO[3])
                                                      0.114    18.830 r  design_1_i/top_0/inst/cpu/my_alu/alu_resultM_reg[31]_i_16/CO[3]
                         net (fo=1, routed)           0.000    18.830    design_1_i/top_0/inst/cpu/my_alu/alu_resultM_reg[31]_i_16_n_0
    SLICE_X35Y82         CARRY4 (Prop_carry4_CI_CO[3])
                                                      0.114    18.944 r  design_1_i/top_0/inst/cpu/my_alu/alu_resultM_reg[3]_i_18/CO[3]
                         net (fo=1, routed)           0.000    18.944    design_1_i/top_0/inst/cpu/my_alu/alu_resultM_reg[3]_i_18_n_0
    SLICE_X35Y83         CARRY4 (Prop_carry4_CI_CO[3])
                                                      0.114    19.058 r  design_1_i/top_0/inst/cpu/my_alu/alu_resultM_reg[7]_i_16/CO[3]
                         net (fo=1, routed)           0.000    19.058    design_1_i/top_0/inst/cpu/my_alu/alu_resultM_reg[7]_i_16_n_0
    SLICE_X35Y84         CARRY4 (Prop_carry4_CI_CO[3])
                                                      0.114    19.172 r  design_1_i/top_0/inst/cpu/my_alu/alu_resultM_reg[11]_i_16/CO[3]
                         net (fo=1, routed)           0.000    19.172    design_1_i/top_0/inst/cpu/my_alu/alu_resultM_reg[11]_i_16_n_0
    SLICE_X35Y85         CARRY4 (Prop_carry4_CI_CO[3])
                                                      0.114    19.286 r  design_1_i/top_0/inst/cpu/my_alu/alu_resultM_reg[15]_i_16/CO[3]
                         net (fo=1, routed)           0.000    19.286    design_1_i/top_0/inst/cpu/my_alu/alu_resultM_reg[15]_i_16_n_0
    SLICE_X35Y86         CARRY4 (Prop_carry4_CI_CO[3])
                                                      0.114    19.400 r  design_1_i/top_0/inst/cpu/my_alu/alu_resultM_reg[19]_i_17/CO[3]
                         net (fo=1, routed)           0.000    19.400    design_1_i/top_0/inst/cpu/my_alu/alu_resultM_reg[19]_i_17_n_0
    SLICE_X35Y87         CARRY4 (Prop_carry4_CI_CO[3])
                                                      0.114    19.514 r  design_1_i/top_0/inst/cpu/my_alu/alu_resultM_reg[23]_i_17/CO[3]
                         net (fo=1, routed)           0.000    19.514    design_1_i/top_0/inst/cpu/my_alu/alu_resultM_reg[23]_i_17_n_0
    SLICE_X35Y88         CARRY4 (Prop_carry4_CI_O[0])
                                                      0.222    19.736 r  design_1_i/top_0/inst/cpu/my_alu/alu_resultM_reg[27]_i_17/O[0]
                         net (fo=1, routed)           0.797    20.533    design_1_i/top_0/inst/cpu/my_alu/data12[24]
    SLICE_X36Y81         LUT6 (Prop_lut6_I1_O)        0.299    20.832 r  design_1_i/top_0/inst/cpu/my_alu/alu_resultM[24]_i_6/O
                         net (fo=1, routed)           0.433    21.265    design_1_i/top_0/inst/cpu/R2/alu_resultM_reg[24]_0
    SLICE_X37Y80         LUT5 (Prop_lut5_I4_O)        0.124    21.389 r  design_1_i/top_0/inst/cpu/R2/alu_resultM[24]_i_3/O
                         net (fo=1, routed)           0.409    21.798    design_1_i/top_0/inst/cpu/R2/alu_resultM[24]_i_3_n_0
    SLICE_X38Y80         LUT5 (Prop_lut5_I2_O)        0.124    21.922 r  design_1_i/top_0/inst/cpu/R2/alu_resultM[24]_i_1/O
                         net (fo=1, routed)           0.000    21.922    design_1_i/top_0/inst/cpu/R3/D[24]
    SLICE_X38Y80         FDRE                                         r  design_1_i/top_0/inst/cpu/R3/alu_resultM_reg[24]/D
  -------------------------------------------------------------------    -------------------

                         (clock clk_fpga_0 rise edge)
                                                     20.000    20.000 r  
    PS7_X0Y0             PS7                          0.000    20.000 r  design_1_i/processing_system7_0/inst/PS7_i/FCLKCLK[0]
                         net (fo=1, routed)           1.088    21.088    design_1_i/processing_system7_0/inst/FCLK_CLK_unbuffered[0]
    BUFGCTRL_X0Y16       BUFG (Prop_bufg_I_O)         0.091    21.179 r  design_1_i/processing_system7_0/inst/buffer_fclk_clk_0.FCLK_CLK_0_BUFG/O
                         net (fo=5198, routed)        1.468    22.647    design_1_i/top_0/inst/cpu/R3/clk
    SLICE_X38Y80         FDRE                                         r  design_1_i/top_0/inst/cpu/R3/alu_resultM_reg[24]/C
                         clock pessimism              0.229    22.876    
                         clock uncertainty           -0.302    22.574    
    SLICE_X38Y80         FDRE (Setup_fdre_C_D)        0.077    22.651    design_1_i/top_0/inst/cpu/R3/alu_resultM_reg[24]
  -------------------------------------------------------------------
                         required time                         22.651    
                         arrival time                         -21.922    
  -------------------------------------------------------------------
                         slack                                  0.729    

Slack (MET) :             0.802ns  (required time - arrival time)
  Source:                 design_1_i/top_0/inst/dmem/mem_reg_2_3/CLKBWRCLK
                            (rising edge-triggered cell RAMB36E1 clocked by clk_fpga_0  {rise@0.000ns fall@10.000ns period=20.000ns})
  Destination:            design_1_i/top_0/inst/cpu/R3/alu_resultM_reg[17]/D
                            (rising edge-triggered cell FDRE clocked by clk_fpga_0  {rise@0.000ns fall@10.000ns period=20.000ns})
  Path Group:             clk_fpga_0
  Path Type:              Setup (Max at Slow Process Corner)
  Requirement:            20.000ns  (clk_fpga_0 rise@20.000ns - clk_fpga_0 rise@0.000ns)
  Data Path Delay:        18.808ns  (logic 10.676ns (56.763%)  route 8.132ns (43.237%))
  Logic Levels:           19  (CARRY4=9 DSP48E1=2 LUT2=1 LUT3=1 LUT5=3 LUT6=3)
  Clock Path Skew:        -0.116ns (DCD - SCD + CPR)
    Destination Clock Delay (DCD):    2.642ns = ( 22.642 - 20.000 ) 
    Source Clock Delay      (SCD):    2.987ns
    Clock Pessimism Removal (CPR):    0.229ns
  Clock Uncertainty:      0.302ns  ((TSJ^2 + TIJ^2)^1/2 + DJ) / 2 + PE
    Total System Jitter     (TSJ):    0.071ns
    Total Input Jitter      (TIJ):    0.600ns
    Discrete Jitter          (DJ):    0.000ns
    Phase Error              (PE):    0.000ns

    Location             Delay type                Incr(ns)  Path(ns)    Netlist Resource(s)
  -------------------------------------------------------------------    -------------------
                         (clock clk_fpga_0 rise edge)
                                                      0.000     0.000 r  
    PS7_X0Y0             PS7                          0.000     0.000 r  design_1_i/processing_system7_0/inst/PS7_i/FCLKCLK[0]
                         net (fo=1, routed)           1.193     1.193    design_1_i/processing_system7_0/inst/FCLK_CLK_unbuffered[0]
    BUFGCTRL_X0Y16       BUFG (Prop_bufg_I_O)         0.101     1.294 r  design_1_i/processing_system7_0/inst/buffer_fclk_clk_0.FCLK_CLK_0_BUFG/O
                         net (fo=5198, routed)        1.693     2.987    design_1_i/top_0/inst/dmem/clk
    RAMB36_X2Y18         RAMB36E1                                     r  design_1_i/top_0/inst/dmem/mem_reg_2_3/CLKBWRCLK
  -------------------------------------------------------------------    -------------------
    RAMB36_X2Y18         RAMB36E1 (Prop_ramb36e1_CLKBWRCLK_DOBDO[1])
                                                      2.454     5.441 r  design_1_i/top_0/inst/dmem/mem_reg_2_3/DOBDO[1]
                         net (fo=2, routed)           1.479     6.920    design_1_i/top_0/inst/dmem/rdata_a[23]
    SLICE_X48Y79         LUT6 (Prop_lut6_I5_O)        0.124     7.044 r  design_1_i/top_0/inst/dmem/registers[15][31]_i_3/O
                         net (fo=25, routed)          0.671     7.715    design_1_i/top_0/inst/cpu/R4/registers_reg[1][31]
    SLICE_X52Y80         LUT6 (Prop_lut6_I2_O)        0.124     7.839 r  design_1_i/top_0/inst/cpu/R4/registers[15][11]_i_1/O
                         net (fo=17, routed)          1.002     8.841    design_1_i/top_0/inst/cpu/R4/D[11]
    SLICE_X54Y77         LUT5 (Prop_lut5_I0_O)        0.124     8.965 r  design_1_i/top_0/inst/cpu/R4/write_dataM[11]_i_1/O
                         net (fo=7, routed)           1.109    10.074    design_1_i/top_0/inst/cpu/R2/p_uu_4
    SLICE_X45Y73         LUT3 (Prop_lut3_I1_O)        0.124    10.198 r  design_1_i/top_0/inst/cpu/R2/p_ss_i_21/O
                         net (fo=15, routed)          1.278    11.476    design_1_i/top_0/inst/cpu/my_alu/src_BE[11]
    DSP48_X2Y34          DSP48E1 (Prop_dsp48e1_B[11]_PCOUT[47])
                                                      3.851    15.327 r  design_1_i/top_0/inst/cpu/my_alu/p_ss__1/PCOUT[47]
                         net (fo=1, routed)           0.002    15.329    design_1_i/top_0/inst/cpu/my_alu/p_ss__1_n_106
    DSP48_X2Y35          DSP48E1 (Prop_dsp48e1_PCIN[47]_P[0])
                                                      1.518    16.847 r  design_1_i/top_0/inst/cpu/my_alu/p_ss__2/P[0]
                         net (fo=2, routed)           0.967    17.814    design_1_i/top_0/inst/cpu/my_alu/p_1_in[17]
    SLICE_X35Y78         LUT2 (Prop_lut2_I0_O)        0.124    17.938 r  design_1_i/top_0/inst/cpu/my_alu/alu_resultM[19]_i_40/O
                         net (fo=1, routed)           0.000    17.938    design_1_i/top_0/inst/cpu/my_alu/alu_resultM[19]_i_40_n_0
    SLICE_X35Y78         CARRY4 (Prop_carry4_S[1]_CO[3])
                                                      0.550    18.488 r  design_1_i/top_0/inst/cpu/my_alu/alu_resultM_reg[19]_i_18/CO[3]
                         net (fo=1, routed)           0.000    18.488    design_1_i/top_0/inst/cpu/my_alu/alu_resultM_reg[19]_i_18_n_0
    SLICE_X35Y79         CARRY4 (Prop_carry4_CI_CO[3])
                                                      0.114    18.602 r  design_1_i/top_0/inst/cpu/my_alu/alu_resultM_reg[23]_i_18/CO[3]
                         net (fo=1, routed)           0.000    18.602    design_1_i/top_0/inst/cpu/my_alu/alu_resultM_reg[23]_i_18_n_0
    SLICE_X35Y80         CARRY4 (Prop_carry4_CI_CO[3])
                                                      0.114    18.716 r  design_1_i/top_0/inst/cpu/my_alu/alu_resultM_reg[27]_i_18/CO[3]
                         net (fo=1, routed)           0.000    18.716    design_1_i/top_0/inst/cpu/my_alu/alu_resultM_reg[27]_i_18_n_0
    SLICE_X35Y81         CARRY4 (Prop_carry4_CI_CO[3])
                                                      0.114    18.830 r  design_1_i/top_0/inst/cpu/my_alu/alu_resultM_reg[31]_i_16/CO[3]
                         net (fo=1, routed)           0.000    18.830    design_1_i/top_0/inst/cpu/my_alu/alu_resultM_reg[31]_i_16_n_0
    SLICE_X35Y82         CARRY4 (Prop_carry4_CI_CO[3])
                                                      0.114    18.944 r  design_1_i/top_0/inst/cpu/my_alu/alu_resultM_reg[3]_i_18/CO[3]
                         net (fo=1, routed)           0.000    18.944    design_1_i/top_0/inst/cpu/my_alu/alu_resultM_reg[3]_i_18_n_0
    SLICE_X35Y83         CARRY4 (Prop_carry4_CI_CO[3])
                                                      0.114    19.058 r  design_1_i/top_0/inst/cpu/my_alu/alu_resultM_reg[7]_i_16/CO[3]
                         net (fo=1, routed)           0.000    19.058    design_1_i/top_0/inst/cpu/my_alu/alu_resultM_reg[7]_i_16_n_0
    SLICE_X35Y84         CARRY4 (Prop_carry4_CI_CO[3])
                                                      0.114    19.172 r  design_1_i/top_0/inst/cpu/my_alu/alu_resultM_reg[11]_i_16/CO[3]
                         net (fo=1, routed)           0.000    19.172    design_1_i/top_0/inst/cpu/my_alu/alu_resultM_reg[11]_i_16_n_0
    SLICE_X35Y85         CARRY4 (Prop_carry4_CI_CO[3])
                                                      0.114    19.286 r  design_1_i/top_0/inst/cpu/my_alu/alu_resultM_reg[15]_i_16/CO[3]
                         net (fo=1, routed)           0.000    19.286    design_1_i/top_0/inst/cpu/my_alu/alu_resultM_reg[15]_i_16_n_0
    SLICE_X35Y86         CARRY4 (Prop_carry4_CI_O[1])
                                                      0.334    19.620 r  design_1_i/top_0/inst/cpu/my_alu/alu_resultM_reg[19]_i_17/O[1]
                         net (fo=1, routed)           0.783    20.403    design_1_i/top_0/inst/cpu/my_alu/data12[17]
    SLICE_X35Y77         LUT6 (Prop_lut6_I1_O)        0.303    20.706 r  design_1_i/top_0/inst/cpu/my_alu/alu_resultM[17]_i_6/O
                         net (fo=1, routed)           0.409    21.115    design_1_i/top_0/inst/cpu/R2/alu_resultM_reg[17]_1
    SLICE_X35Y75         LUT5 (Prop_lut5_I4_O)        0.124    21.239 r  design_1_i/top_0/inst/cpu/R2/alu_resultM[17]_i_3/O
                         net (fo=1, routed)           0.433    21.672    design_1_i/top_0/inst/cpu/R2/alu_resultM[17]_i_3_n_0
    SLICE_X35Y75         LUT5 (Prop_lut5_I2_O)        0.124    21.796 r  design_1_i/top_0/inst/cpu/R2/alu_resultM[17]_i_1/O
                         net (fo=1, routed)           0.000    21.796    design_1_i/top_0/inst/cpu/R3/D[17]
    SLICE_X35Y75         FDRE                                         r  design_1_i/top_0/inst/cpu/R3/alu_resultM_reg[17]/D
  -------------------------------------------------------------------    -------------------

                         (clock clk_fpga_0 rise edge)
                                                     20.000    20.000 r  
    PS7_X0Y0             PS7                          0.000    20.000 r  design_1_i/processing_system7_0/inst/PS7_i/FCLKCLK[0]
                         net (fo=1, routed)           1.088    21.088    design_1_i/processing_system7_0/inst/FCLK_CLK_unbuffered[0]
    BUFGCTRL_X0Y16       BUFG (Prop_bufg_I_O)         0.091    21.179 r  design_1_i/processing_system7_0/inst/buffer_fclk_clk_0.FCLK_CLK_0_BUFG/O
                         net (fo=5198, routed)        1.463    22.642    design_1_i/top_0/inst/cpu/R3/clk
    SLICE_X35Y75         FDRE                                         r  design_1_i/top_0/inst/cpu/R3/alu_resultM_reg[17]/C
                         clock pessimism              0.229    22.871    
                         clock uncertainty           -0.302    22.569    
    SLICE_X35Y75         FDRE (Setup_fdre_C_D)        0.029    22.598    design_1_i/top_0/inst/cpu/R3/alu_resultM_reg[17]
  -------------------------------------------------------------------
                         required time                         22.598    
                         arrival time                         -21.796    
  -------------------------------------------------------------------
                         slack                                  0.802    

Slack (MET) :             0.821ns  (required time - arrival time)
  Source:                 design_1_i/top_0/inst/dmem/mem_reg_2_3/CLKBWRCLK
                            (rising edge-triggered cell RAMB36E1 clocked by clk_fpga_0  {rise@0.000ns fall@10.000ns period=20.000ns})
  Destination:            design_1_i/top_0/inst/cpu/R3/alu_resultM_reg[25]/D
                            (rising edge-triggered cell FDRE clocked by clk_fpga_0  {rise@0.000ns fall@10.000ns period=20.000ns})
  Path Group:             clk_fpga_0
  Path Type:              Setup (Max at Slow Process Corner)
  Requirement:            20.000ns  (clk_fpga_0 rise@20.000ns - clk_fpga_0 rise@0.000ns)
  Data Path Delay:        18.795ns  (logic 10.904ns (58.014%)  route 7.891ns (41.986%))
  Logic Levels:           21  (CARRY4=11 DSP48E1=2 LUT2=1 LUT3=1 LUT5=3 LUT6=3)
  Clock Path Skew:        -0.110ns (DCD - SCD + CPR)
    Destination Clock Delay (DCD):    2.648ns = ( 22.648 - 20.000 ) 
    Source Clock Delay      (SCD):    2.987ns
    Clock Pessimism Removal (CPR):    0.229ns
  Clock Uncertainty:      0.302ns  ((TSJ^2 + TIJ^2)^1/2 + DJ) / 2 + PE
    Total System Jitter     (TSJ):    0.071ns
    Total Input Jitter      (TIJ):    0.600ns
    Discrete Jitter          (DJ):    0.000ns
    Phase Error              (PE):    0.000ns

    Location             Delay type                Incr(ns)  Path(ns)    Netlist Resource(s)
  -------------------------------------------------------------------    -------------------
                         (clock clk_fpga_0 rise edge)
                                                      0.000     0.000 r  
    PS7_X0Y0             PS7                          0.000     0.000 r  design_1_i/processing_system7_0/inst/PS7_i/FCLKCLK[0]
                         net (fo=1, routed)           1.193     1.193    design_1_i/processing_system7_0/inst/FCLK_CLK_unbuffered[0]
    BUFGCTRL_X0Y16       BUFG (Prop_bufg_I_O)         0.101     1.294 r  design_1_i/processing_system7_0/inst/buffer_fclk_clk_0.FCLK_CLK_0_BUFG/O
                         net (fo=5198, routed)        1.693     2.987    design_1_i/top_0/inst/dmem/clk
    RAMB36_X2Y18         RAMB36E1                                     r  design_1_i/top_0/inst/dmem/mem_reg_2_3/CLKBWRCLK
  -------------------------------------------------------------------    -------------------
    RAMB36_X2Y18         RAMB36E1 (Prop_ramb36e1_CLKBWRCLK_DOBDO[1])
                                                      2.454     5.441 r  design_1_i/top_0/inst/dmem/mem_reg_2_3/DOBDO[1]
                         net (fo=2, routed)           1.479     6.920    design_1_i/top_0/inst/dmem/rdata_a[23]
    SLICE_X48Y79         LUT6 (Prop_lut6_I5_O)        0.124     7.044 r  design_1_i/top_0/inst/dmem/registers[15][31]_i_3/O
                         net (fo=25, routed)          0.671     7.715    design_1_i/top_0/inst/cpu/R4/registers_reg[1][31]
    SLICE_X52Y80         LUT6 (Prop_lut6_I2_O)        0.124     7.839 r  design_1_i/top_0/inst/cpu/R4/registers[15][11]_i_1/O
                         net (fo=17, routed)          1.002     8.841    design_1_i/top_0/inst/cpu/R4/D[11]
    SLICE_X54Y77         LUT5 (Prop_lut5_I0_O)        0.124     8.965 r  design_1_i/top_0/inst/cpu/R4/write_dataM[11]_i_1/O
                         net (fo=7, routed)           1.109    10.074    design_1_i/top_0/inst/cpu/R2/p_uu_4
    SLICE_X45Y73         LUT3 (Prop_lut3_I1_O)        0.124    10.198 r  design_1_i/top_0/inst/cpu/R2/p_ss_i_21/O
                         net (fo=15, routed)          1.278    11.476    design_1_i/top_0/inst/cpu/my_alu/src_BE[11]
    DSP48_X2Y34          DSP48E1 (Prop_dsp48e1_B[11]_PCOUT[47])
                                                      3.851    15.327 r  design_1_i/top_0/inst/cpu/my_alu/p_ss__1/PCOUT[47]
                         net (fo=1, routed)           0.002    15.329    design_1_i/top_0/inst/cpu/my_alu/p_ss__1_n_106
    DSP48_X2Y35          DSP48E1 (Prop_dsp48e1_PCIN[47]_P[0])
                                                      1.518    16.847 r  design_1_i/top_0/inst/cpu/my_alu/p_ss__2/P[0]
                         net (fo=2, routed)           0.967    17.814    design_1_i/top_0/inst/cpu/my_alu/p_1_in[17]
    SLICE_X35Y78         LUT2 (Prop_lut2_I0_O)        0.124    17.938 r  design_1_i/top_0/inst/cpu/my_alu/alu_resultM[19]_i_40/O
                         net (fo=1, routed)           0.000    17.938    design_1_i/top_0/inst/cpu/my_alu/alu_resultM[19]_i_40_n_0
    SLICE_X35Y78         CARRY4 (Prop_carry4_S[1]_CO[3])
                                                      0.550    18.488 r  design_1_i/top_0/inst/cpu/my_alu/alu_resultM_reg[19]_i_18/CO[3]
                         net (fo=1, routed)           0.000    18.488    design_1_i/top_0/inst/cpu/my_alu/alu_resultM_reg[19]_i_18_n_0
    SLICE_X35Y79         CARRY4 (Prop_carry4_CI_CO[3])
                                                      0.114    18.602 r  design_1_i/top_0/inst/cpu/my_alu/alu_resultM_reg[23]_i_18/CO[3]
                         net (fo=1, routed)           0.000    18.602    design_1_i/top_0/inst/cpu/my_alu/alu_resultM_reg[23]_i_18_n_0
    SLICE_X35Y80         CARRY4 (Prop_carry4_CI_CO[3])
                                                      0.114    18.716 r  design_1_i/top_0/inst/cpu/my_alu/alu_resultM_reg[27]_i_18/CO[3]
                         net (fo=1, routed)           0.000    18.716    design_1_i/top_0/inst/cpu/my_alu/alu_resultM_reg[27]_i_18_n_0
    SLICE_X35Y81         CARRY4 (Prop_carry4_CI_CO[3])
                                                      0.114    18.830 r  design_1_i/top_0/inst/cpu/my_alu/alu_resultM_reg[31]_i_16/CO[3]
                         net (fo=1, routed)           0.000    18.830    design_1_i/top_0/inst/cpu/my_alu/alu_resultM_reg[31]_i_16_n_0
    SLICE_X35Y82         CARRY4 (Prop_carry4_CI_CO[3])
                                                      0.114    18.944 r  design_1_i/top_0/inst/cpu/my_alu/alu_resultM_reg[3]_i_18/CO[3]
                         net (fo=1, routed)           0.000    18.944    design_1_i/top_0/inst/cpu/my_alu/alu_resultM_reg[3]_i_18_n_0
    SLICE_X35Y83         CARRY4 (Prop_carry4_CI_CO[3])
                                                      0.114    19.058 r  design_1_i/top_0/inst/cpu/my_alu/alu_resultM_reg[7]_i_16/CO[3]
                         net (fo=1, routed)           0.000    19.058    design_1_i/top_0/inst/cpu/my_alu/alu_resultM_reg[7]_i_16_n_0
    SLICE_X35Y84         CARRY4 (Prop_carry4_CI_CO[3])
                                                      0.114    19.172 r  design_1_i/top_0/inst/cpu/my_alu/alu_resultM_reg[11]_i_16/CO[3]
                         net (fo=1, routed)           0.000    19.172    design_1_i/top_0/inst/cpu/my_alu/alu_resultM_reg[11]_i_16_n_0
    SLICE_X35Y85         CARRY4 (Prop_carry4_CI_CO[3])
                                                      0.114    19.286 r  design_1_i/top_0/inst/cpu/my_alu/alu_resultM_reg[15]_i_16/CO[3]
                         net (fo=1, routed)           0.000    19.286    design_1_i/top_0/inst/cpu/my_alu/alu_resultM_reg[15]_i_16_n_0
    SLICE_X35Y86         CARRY4 (Prop_carry4_CI_CO[3])
                                                      0.114    19.400 r  design_1_i/top_0/inst/cpu/my_alu/alu_resultM_reg[19]_i_17/CO[3]
                         net (fo=1, routed)           0.000    19.400    design_1_i/top_0/inst/cpu/my_alu/alu_resultM_reg[19]_i_17_n_0
    SLICE_X35Y87         CARRY4 (Prop_carry4_CI_CO[3])
                                                      0.114    19.514 r  design_1_i/top_0/inst/cpu/my_alu/alu_resultM_reg[23]_i_17/CO[3]
                         net (fo=1, routed)           0.000    19.514    design_1_i/top_0/inst/cpu/my_alu/alu_resultM_reg[23]_i_17_n_0
    SLICE_X35Y88         CARRY4 (Prop_carry4_CI_O[1])
                                                      0.334    19.848 r  design_1_i/top_0/inst/cpu/my_alu/alu_resultM_reg[27]_i_17/O[1]
                         net (fo=1, routed)           0.777    20.625    design_1_i/top_0/inst/cpu/my_alu/data12[25]
    SLICE_X36Y82         LUT6 (Prop_lut6_I1_O)        0.303    20.928 r  design_1_i/top_0/inst/cpu/my_alu/alu_resultM[25]_i_6/O
                         net (fo=1, routed)           0.453    21.381    design_1_i/top_0/inst/cpu/R2/alu_resultM_reg[25]_1
    SLICE_X37Y81         LUT5 (Prop_lut5_I4_O)        0.124    21.505 r  design_1_i/top_0/inst/cpu/R2/alu_resultM[25]_i_3/O
                         net (fo=1, routed)           0.154    21.659    design_1_i/top_0/inst/cpu/R2/alu_resultM[25]_i_3_n_0
    SLICE_X37Y81         LUT5 (Prop_lut5_I2_O)        0.124    21.783 r  design_1_i/top_0/inst/cpu/R2/alu_resultM[25]_i_1/O
                         net (fo=1, routed)           0.000    21.783    design_1_i/top_0/inst/cpu/R3/D[25]
    SLICE_X37Y81         FDRE                                         r  design_1_i/top_0/inst/cpu/R3/alu_resultM_reg[25]/D
  -------------------------------------------------------------------    -------------------

                         (clock clk_fpga_0 rise edge)
                                                     20.000    20.000 r  
    PS7_X0Y0             PS7                          0.000    20.000 r  design_1_i/processing_system7_0/inst/PS7_i/FCLKCLK[0]
                         net (fo=1, routed)           1.088    21.088    design_1_i/processing_system7_0/inst/FCLK_CLK_unbuffered[0]
    BUFGCTRL_X0Y16       BUFG (Prop_bufg_I_O)         0.091    21.179 r  design_1_i/processing_system7_0/inst/buffer_fclk_clk_0.FCLK_CLK_0_BUFG/O
                         net (fo=5198, routed)        1.469    22.648    design_1_i/top_0/inst/cpu/R3/clk
    SLICE_X37Y81         FDRE                                         r  design_1_i/top_0/inst/cpu/R3/alu_resultM_reg[25]/C
                         clock pessimism              0.229    22.877    
                         clock uncertainty           -0.302    22.575    
    SLICE_X37Y81         FDRE (Setup_fdre_C_D)        0.029    22.604    design_1_i/top_0/inst/cpu/R3/alu_resultM_reg[25]
  -------------------------------------------------------------------
                         required time                         22.604    
                         arrival time                         -21.783    
  -------------------------------------------------------------------
                         slack                                  0.821    

Slack (MET) :             0.821ns  (required time - arrival time)
  Source:                 design_1_i/top_0/inst/dmem/mem_reg_2_3/CLKBWRCLK
                            (rising edge-triggered cell RAMB36E1 clocked by clk_fpga_0  {rise@0.000ns fall@10.000ns period=20.000ns})
  Destination:            design_1_i/top_0/inst/cpu/R3/alu_resultM_reg[30]/D
                            (rising edge-triggered cell FDRE clocked by clk_fpga_0  {rise@0.000ns fall@10.000ns period=20.000ns})
  Path Group:             clk_fpga_0
  Path Type:              Setup (Max at Slow Process Corner)
  Requirement:            20.000ns  (clk_fpga_0 rise@20.000ns - clk_fpga_0 rise@0.000ns)
  Data Path Delay:        18.797ns  (logic 10.922ns (58.105%)  route 7.875ns (41.895%))
  Logic Levels:           22  (CARRY4=12 DSP48E1=2 LUT2=1 LUT3=1 LUT5=3 LUT6=3)
  Clock Path Skew:        -0.110ns (DCD - SCD + CPR)
    Destination Clock Delay (DCD):    2.648ns = ( 22.648 - 20.000 ) 
    Source Clock Delay      (SCD):    2.987ns
    Clock Pessimism Removal (CPR):    0.229ns
  Clock Uncertainty:      0.302ns  ((TSJ^2 + TIJ^2)^1/2 + DJ) / 2 + PE
    Total System Jitter     (TSJ):    0.071ns
    Total Input Jitter      (TIJ):    0.600ns
    Discrete Jitter          (DJ):    0.000ns
    Phase Error              (PE):    0.000ns

    Location             Delay type                Incr(ns)  Path(ns)    Netlist Resource(s)
  -------------------------------------------------------------------    -------------------
                         (clock clk_fpga_0 rise edge)
                                                      0.000     0.000 r  
    PS7_X0Y0             PS7                          0.000     0.000 r  design_1_i/processing_system7_0/inst/PS7_i/FCLKCLK[0]
                         net (fo=1, routed)           1.193     1.193    design_1_i/processing_system7_0/inst/FCLK_CLK_unbuffered[0]
    BUFGCTRL_X0Y16       BUFG (Prop_bufg_I_O)         0.101     1.294 r  design_1_i/processing_system7_0/inst/buffer_fclk_clk_0.FCLK_CLK_0_BUFG/O
                         net (fo=5198, routed)        1.693     2.987    design_1_i/top_0/inst/dmem/clk
    RAMB36_X2Y18         RAMB36E1                                     r  design_1_i/top_0/inst/dmem/mem_reg_2_3/CLKBWRCLK
  -------------------------------------------------------------------    -------------------
    RAMB36_X2Y18         RAMB36E1 (Prop_ramb36e1_CLKBWRCLK_DOBDO[1])
                                                      2.454     5.441 r  design_1_i/top_0/inst/dmem/mem_reg_2_3/DOBDO[1]
                         net (fo=2, routed)           1.479     6.920    design_1_i/top_0/inst/dmem/rdata_a[23]
    SLICE_X48Y79         LUT6 (Prop_lut6_I5_O)        0.124     7.044 r  design_1_i/top_0/inst/dmem/registers[15][31]_i_3/O
                         net (fo=25, routed)          0.671     7.715    design_1_i/top_0/inst/cpu/R4/registers_reg[1][31]
    SLICE_X52Y80         LUT6 (Prop_lut6_I2_O)        0.124     7.839 r  design_1_i/top_0/inst/cpu/R4/registers[15][11]_i_1/O
                         net (fo=17, routed)          1.002     8.841    design_1_i/top_0/inst/cpu/R4/D[11]
    SLICE_X54Y77         LUT5 (Prop_lut5_I0_O)        0.124     8.965 r  design_1_i/top_0/inst/cpu/R4/write_dataM[11]_i_1/O
                         net (fo=7, routed)           1.109    10.074    design_1_i/top_0/inst/cpu/R2/p_uu_4
    SLICE_X45Y73         LUT3 (Prop_lut3_I1_O)        0.124    10.198 r  design_1_i/top_0/inst/cpu/R2/p_ss_i_21/O
                         net (fo=15, routed)          1.278    11.476    design_1_i/top_0/inst/cpu/my_alu/src_BE[11]
    DSP48_X2Y34          DSP48E1 (Prop_dsp48e1_B[11]_PCOUT[47])
                                                      3.851    15.327 r  design_1_i/top_0/inst/cpu/my_alu/p_ss__1/PCOUT[47]
                         net (fo=1, routed)           0.002    15.329    design_1_i/top_0/inst/cpu/my_alu/p_ss__1_n_106
    DSP48_X2Y35          DSP48E1 (Prop_dsp48e1_PCIN[47]_P[0])
                                                      1.518    16.847 r  design_1_i/top_0/inst/cpu/my_alu/p_ss__2/P[0]
                         net (fo=2, routed)           0.967    17.814    design_1_i/top_0/inst/cpu/my_alu/p_1_in[17]
    SLICE_X35Y78         LUT2 (Prop_lut2_I0_O)        0.124    17.938 r  design_1_i/top_0/inst/cpu/my_alu/alu_resultM[19]_i_40/O
                         net (fo=1, routed)           0.000    17.938    design_1_i/top_0/inst/cpu/my_alu/alu_resultM[19]_i_40_n_0
    SLICE_X35Y78         CARRY4 (Prop_carry4_S[1]_CO[3])
                                                      0.550    18.488 r  design_1_i/top_0/inst/cpu/my_alu/alu_resultM_reg[19]_i_18/CO[3]
                         net (fo=1, routed)           0.000    18.488    design_1_i/top_0/inst/cpu/my_alu/alu_resultM_reg[19]_i_18_n_0
    SLICE_X35Y79         CARRY4 (Prop_carry4_CI_CO[3])
                                                      0.114    18.602 r  design_1_i/top_0/inst/cpu/my_alu/alu_resultM_reg[23]_i_18/CO[3]
                         net (fo=1, routed)           0.000    18.602    design_1_i/top_0/inst/cpu/my_alu/alu_resultM_reg[23]_i_18_n_0
    SLICE_X35Y80         CARRY4 (Prop_carry4_CI_CO[3])
                                                      0.114    18.716 r  design_1_i/top_0/inst/cpu/my_alu/alu_resultM_reg[27]_i_18/CO[3]
                         net (fo=1, routed)           0.000    18.716    design_1_i/top_0/inst/cpu/my_alu/alu_resultM_reg[27]_i_18_n_0
    SLICE_X35Y81         CARRY4 (Prop_carry4_CI_CO[3])
                                                      0.114    18.830 r  design_1_i/top_0/inst/cpu/my_alu/alu_resultM_reg[31]_i_16/CO[3]
                         net (fo=1, routed)           0.000    18.830    design_1_i/top_0/inst/cpu/my_alu/alu_resultM_reg[31]_i_16_n_0
    SLICE_X35Y82         CARRY4 (Prop_carry4_CI_CO[3])
                                                      0.114    18.944 r  design_1_i/top_0/inst/cpu/my_alu/alu_resultM_reg[3]_i_18/CO[3]
                         net (fo=1, routed)           0.000    18.944    design_1_i/top_0/inst/cpu/my_alu/alu_resultM_reg[3]_i_18_n_0
    SLICE_X35Y83         CARRY4 (Prop_carry4_CI_CO[3])
                                                      0.114    19.058 r  design_1_i/top_0/inst/cpu/my_alu/alu_resultM_reg[7]_i_16/CO[3]
                         net (fo=1, routed)           0.000    19.058    design_1_i/top_0/inst/cpu/my_alu/alu_resultM_reg[7]_i_16_n_0
    SLICE_X35Y84         CARRY4 (Prop_carry4_CI_CO[3])
                                                      0.114    19.172 r  design_1_i/top_0/inst/cpu/my_alu/alu_resultM_reg[11]_i_16/CO[3]
                         net (fo=1, routed)           0.000    19.172    design_1_i/top_0/inst/cpu/my_alu/alu_resultM_reg[11]_i_16_n_0
    SLICE_X35Y85         CARRY4 (Prop_carry4_CI_CO[3])
                                                      0.114    19.286 r  design_1_i/top_0/inst/cpu/my_alu/alu_resultM_reg[15]_i_16/CO[3]
                         net (fo=1, routed)           0.000    19.286    design_1_i/top_0/inst/cpu/my_alu/alu_resultM_reg[15]_i_16_n_0
    SLICE_X35Y86         CARRY4 (Prop_carry4_CI_CO[3])
                                                      0.114    19.400 r  design_1_i/top_0/inst/cpu/my_alu/alu_resultM_reg[19]_i_17/CO[3]
                         net (fo=1, routed)           0.000    19.400    design_1_i/top_0/inst/cpu/my_alu/alu_resultM_reg[19]_i_17_n_0
    SLICE_X35Y87         CARRY4 (Prop_carry4_CI_CO[3])
                                                      0.114    19.514 r  design_1_i/top_0/inst/cpu/my_alu/alu_resultM_reg[23]_i_17/CO[3]
                         net (fo=1, routed)           0.000    19.514    design_1_i/top_0/inst/cpu/my_alu/alu_resultM_reg[23]_i_17_n_0
    SLICE_X35Y88         CARRY4 (Prop_carry4_CI_CO[3])
                                                      0.114    19.628 r  design_1_i/top_0/inst/cpu/my_alu/alu_resultM_reg[27]_i_17/CO[3]
                         net (fo=1, routed)           0.000    19.628    design_1_i/top_0/inst/cpu/my_alu/alu_resultM_reg[27]_i_17_n_0
    SLICE_X35Y89         CARRY4 (Prop_carry4_CI_O[2])
                                                      0.239    19.867 r  design_1_i/top_0/inst/cpu/my_alu/alu_resultM_reg[31]_i_15/O[2]
                         net (fo=1, routed)           0.666    20.533    design_1_i/top_0/inst/cpu/my_alu/data12[30]
    SLICE_X36Y82         LUT6 (Prop_lut6_I1_O)        0.302    20.835 r  design_1_i/top_0/inst/cpu/my_alu/alu_resultM[30]_i_6/O
                         net (fo=1, routed)           0.295    21.130    design_1_i/top_0/inst/cpu/R2/alu_resultM_reg[30]_1
    SLICE_X37Y81         LUT5 (Prop_lut5_I4_O)        0.124    21.254 r  design_1_i/top_0/inst/cpu/R2/alu_resultM[30]_i_3/O
                         net (fo=1, routed)           0.407    21.661    design_1_i/top_0/inst/cpu/R2/alu_resultM[30]_i_3_n_0
    SLICE_X37Y81         LUT5 (Prop_lut5_I2_O)        0.124    21.785 r  design_1_i/top_0/inst/cpu/R2/alu_resultM[30]_i_1/O
                         net (fo=1, routed)           0.000    21.785    design_1_i/top_0/inst/cpu/R3/D[30]
    SLICE_X37Y81         FDRE                                         r  design_1_i/top_0/inst/cpu/R3/alu_resultM_reg[30]/D
  -------------------------------------------------------------------    -------------------

                         (clock clk_fpga_0 rise edge)
                                                     20.000    20.000 r  
    PS7_X0Y0             PS7                          0.000    20.000 r  design_1_i/processing_system7_0/inst/PS7_i/FCLKCLK[0]
                         net (fo=1, routed)           1.088    21.088    design_1_i/processing_system7_0/inst/FCLK_CLK_unbuffered[0]
    BUFGCTRL_X0Y16       BUFG (Prop_bufg_I_O)         0.091    21.179 r  design_1_i/processing_system7_0/inst/buffer_fclk_clk_0.FCLK_CLK_0_BUFG/O
                         net (fo=5198, routed)        1.469    22.648    design_1_i/top_0/inst/cpu/R3/clk
    SLICE_X37Y81         FDRE                                         r  design_1_i/top_0/inst/cpu/R3/alu_resultM_reg[30]/C
                         clock pessimism              0.229    22.877    
                         clock uncertainty           -0.302    22.575    
    SLICE_X37Y81         FDRE (Setup_fdre_C_D)        0.031    22.606    design_1_i/top_0/inst/cpu/R3/alu_resultM_reg[30]
  -------------------------------------------------------------------
                         required time                         22.606    
                         arrival time                         -21.785    
  -------------------------------------------------------------------
                         slack                                  0.821    

Slack (MET) :             0.826ns  (required time - arrival time)
  Source:                 design_1_i/top_0/inst/dmem/mem_reg_2_3/CLKBWRCLK
                            (rising edge-triggered cell RAMB36E1 clocked by clk_fpga_0  {rise@0.000ns fall@10.000ns period=20.000ns})
  Destination:            design_1_i/top_0/inst/cpu/R3/alu_resultM_reg[31]/D
                            (rising edge-triggered cell FDRE clocked by clk_fpga_0  {rise@0.000ns fall@10.000ns period=20.000ns})
  Path Group:             clk_fpga_0
  Path Type:              Setup (Max at Slow Process Corner)
  Requirement:            20.000ns  (clk_fpga_0 rise@20.000ns - clk_fpga_0 rise@0.000ns)
  Data Path Delay:        18.842ns  (logic 10.580ns (56.152%)  route 8.262ns (43.848%))
  Logic Levels:           18  (CARRY4=8 DSP48E1=2 LUT2=1 LUT3=1 LUT5=3 LUT6=3)
  Clock Path Skew:        -0.111ns (DCD - SCD + CPR)
    Destination Clock Delay (DCD):    2.647ns = ( 22.647 - 20.000 ) 
    Source Clock Delay      (SCD):    2.987ns
    Clock Pessimism Removal (CPR):    0.229ns
  Clock Uncertainty:      0.302ns  ((TSJ^2 + TIJ^2)^1/2 + DJ) / 2 + PE
    Total System Jitter     (TSJ):    0.071ns
    Total Input Jitter      (TIJ):    0.600ns
    Discrete Jitter          (DJ):    0.000ns
    Phase Error              (PE):    0.000ns

    Location             Delay type                Incr(ns)  Path(ns)    Netlist Resource(s)
  -------------------------------------------------------------------    -------------------
                         (clock clk_fpga_0 rise edge)
                                                      0.000     0.000 r  
    PS7_X0Y0             PS7                          0.000     0.000 r  design_1_i/processing_system7_0/inst/PS7_i/FCLKCLK[0]
                         net (fo=1, routed)           1.193     1.193    design_1_i/processing_system7_0/inst/FCLK_CLK_unbuffered[0]
    BUFGCTRL_X0Y16       BUFG (Prop_bufg_I_O)         0.101     1.294 r  design_1_i/processing_system7_0/inst/buffer_fclk_clk_0.FCLK_CLK_0_BUFG/O
                         net (fo=5198, routed)        1.693     2.987    design_1_i/top_0/inst/dmem/clk
    RAMB36_X2Y18         RAMB36E1                                     r  design_1_i/top_0/inst/dmem/mem_reg_2_3/CLKBWRCLK
  -------------------------------------------------------------------    -------------------
    RAMB36_X2Y18         RAMB36E1 (Prop_ramb36e1_CLKBWRCLK_DOBDO[1])
                                                      2.454     5.441 r  design_1_i/top_0/inst/dmem/mem_reg_2_3/DOBDO[1]
                         net (fo=2, routed)           1.479     6.920    design_1_i/top_0/inst/dmem/rdata_a[23]
    SLICE_X48Y79         LUT6 (Prop_lut6_I5_O)        0.124     7.044 r  design_1_i/top_0/inst/dmem/registers[15][31]_i_3/O
                         net (fo=25, routed)          0.671     7.715    design_1_i/top_0/inst/cpu/R4/registers_reg[1][31]
    SLICE_X52Y80         LUT6 (Prop_lut6_I2_O)        0.124     7.839 r  design_1_i/top_0/inst/cpu/R4/registers[15][11]_i_1/O
                         net (fo=17, routed)          1.002     8.841    design_1_i/top_0/inst/cpu/R4/D[11]
    SLICE_X54Y77         LUT5 (Prop_lut5_I0_O)        0.124     8.965 r  design_1_i/top_0/inst/cpu/R4/write_dataM[11]_i_1/O
                         net (fo=7, routed)           1.109    10.074    design_1_i/top_0/inst/cpu/R2/p_uu_4
    SLICE_X45Y73         LUT3 (Prop_lut3_I1_O)        0.124    10.198 r  design_1_i/top_0/inst/cpu/R2/p_ss_i_21/O
                         net (fo=15, routed)          1.232    11.430    design_1_i/top_0/inst/cpu/my_alu/src_BE[11]
    DSP48_X2Y36          DSP48E1 (Prop_dsp48e1_A[11]_PCOUT[47])
                                                      4.036    15.466 r  design_1_i/top_0/inst/cpu/my_alu/p_su/PCOUT[47]
                         net (fo=1, routed)           0.002    15.468    design_1_i/top_0/inst/cpu/my_alu/p_su_n_106
    DSP48_X2Y37          DSP48E1 (Prop_dsp48e1_PCIN[47]_P[0])
                                                      1.518    16.986 r  design_1_i/top_0/inst/cpu/my_alu/p_su__0/P[0]
                         net (fo=1, routed)           1.251    18.237    design_1_i/top_0/inst/cpu/my_alu/p_su__0_n_105
    SLICE_X34Y78         LUT2 (Prop_lut2_I1_O)        0.124    18.361 r  design_1_i/top_0/inst/cpu/my_alu/alu_resultM[3]_i_30/O
                         net (fo=1, routed)           0.000    18.361    design_1_i/top_0/inst/cpu/my_alu/alu_resultM[3]_i_30_n_0
    SLICE_X34Y78         CARRY4 (Prop_carry4_S[2]_CO[3])
                                                      0.380    18.741 r  design_1_i/top_0/inst/cpu/my_alu/alu_resultM_reg[3]_i_17/CO[3]
                         net (fo=1, routed)           0.000    18.741    design_1_i/top_0/inst/cpu/my_alu/alu_resultM_reg[3]_i_17_n_0
    SLICE_X34Y79         CARRY4 (Prop_carry4_CI_CO[3])
                                                      0.117    18.858 r  design_1_i/top_0/inst/cpu/my_alu/alu_resultM_reg[7]_i_15/CO[3]
                         net (fo=1, routed)           0.000    18.858    design_1_i/top_0/inst/cpu/my_alu/alu_resultM_reg[7]_i_15_n_0
    SLICE_X34Y80         CARRY4 (Prop_carry4_CI_CO[3])
                                                      0.117    18.975 r  design_1_i/top_0/inst/cpu/my_alu/alu_resultM_reg[11]_i_15/CO[3]
                         net (fo=1, routed)           0.000    18.975    design_1_i/top_0/inst/cpu/my_alu/alu_resultM_reg[11]_i_15_n_0
    SLICE_X34Y81         CARRY4 (Prop_carry4_CI_CO[3])
                                                      0.117    19.092 r  design_1_i/top_0/inst/cpu/my_alu/alu_resultM_reg[15]_i_15/CO[3]
                         net (fo=1, routed)           0.000    19.092    design_1_i/top_0/inst/cpu/my_alu/alu_resultM_reg[15]_i_15_n_0
    SLICE_X34Y82         CARRY4 (Prop_carry4_CI_CO[3])
                                                      0.117    19.209 r  design_1_i/top_0/inst/cpu/my_alu/alu_resultM_reg[19]_i_16/CO[3]
                         net (fo=1, routed)           0.000    19.209    design_1_i/top_0/inst/cpu/my_alu/alu_resultM_reg[19]_i_16_n_0
    SLICE_X34Y83         CARRY4 (Prop_carry4_CI_CO[3])
                                                      0.117    19.326 r  design_1_i/top_0/inst/cpu/my_alu/alu_resultM_reg[23]_i_16/CO[3]
                         net (fo=1, routed)           0.000    19.326    design_1_i/top_0/inst/cpu/my_alu/alu_resultM_reg[23]_i_16_n_0
    SLICE_X34Y84         CARRY4 (Prop_carry4_CI_CO[3])
                                                      0.117    19.443 r  design_1_i/top_0/inst/cpu/my_alu/alu_resultM_reg[27]_i_16/CO[3]
                         net (fo=1, routed)           0.000    19.443    design_1_i/top_0/inst/cpu/my_alu/alu_resultM_reg[27]_i_16_n_0
    SLICE_X34Y85         CARRY4 (Prop_carry4_CI_O[3])
                                                      0.315    19.758 r  design_1_i/top_0/inst/cpu/my_alu/alu_resultM_reg[31]_i_14/O[3]
                         net (fo=1, routed)           0.772    20.530    design_1_i/top_0/inst/cpu/my_alu/data13[31]
    SLICE_X36Y83         LUT6 (Prop_lut6_I0_O)        0.307    20.837 r  design_1_i/top_0/inst/cpu/my_alu/alu_resultM[31]_i_6/O
                         net (fo=1, routed)           0.309    21.146    design_1_i/top_0/inst/cpu/R2/alu_resultM_reg[31]_0
    SLICE_X36Y81         LUT5 (Prop_lut5_I4_O)        0.124    21.270 r  design_1_i/top_0/inst/cpu/R2/alu_resultM[31]_i_3/O
                         net (fo=1, routed)           0.435    21.705    design_1_i/top_0/inst/cpu/R2/alu_resultM[31]_i_3_n_0
    SLICE_X38Y80         LUT5 (Prop_lut5_I2_O)        0.124    21.829 r  design_1_i/top_0/inst/cpu/R2/alu_resultM[31]_i_1/O
                         net (fo=1, routed)           0.000    21.829    design_1_i/top_0/inst/cpu/R3/D[31]
    SLICE_X38Y80         FDRE                                         r  design_1_i/top_0/inst/cpu/R3/alu_resultM_reg[31]/D
  -------------------------------------------------------------------    -------------------

                         (clock clk_fpga_0 rise edge)
                                                     20.000    20.000 r  
    PS7_X0Y0             PS7                          0.000    20.000 r  design_1_i/processing_system7_0/inst/PS7_i/FCLKCLK[0]
                         net (fo=1, routed)           1.088    21.088    design_1_i/processing_system7_0/inst/FCLK_CLK_unbuffered[0]
    BUFGCTRL_X0Y16       BUFG (Prop_bufg_I_O)         0.091    21.179 r  design_1_i/processing_system7_0/inst/buffer_fclk_clk_0.FCLK_CLK_0_BUFG/O
                         net (fo=5198, routed)        1.468    22.647    design_1_i/top_0/inst/cpu/R3/clk
    SLICE_X38Y80         FDRE                                         r  design_1_i/top_0/inst/cpu/R3/alu_resultM_reg[31]/C
                         clock pessimism              0.229    22.876    
                         clock uncertainty           -0.302    22.574    
    SLICE_X38Y80         FDRE (Setup_fdre_C_D)        0.081    22.655    design_1_i/top_0/inst/cpu/R3/alu_resultM_reg[31]
  -------------------------------------------------------------------
                         required time                         22.655    
                         arrival time                         -21.829    
  -------------------------------------------------------------------
                         slack                                  0.826    

Slack (MET) :             0.830ns  (required time - arrival time)
  Source:                 design_1_i/top_0/inst/dmem/mem_reg_2_3/CLKBWRCLK
                            (rising edge-triggered cell RAMB36E1 clocked by clk_fpga_0  {rise@0.000ns fall@10.000ns period=20.000ns})
  Destination:            design_1_i/top_0/inst/cpu/R3/alu_resultM_reg[9]/D
                            (rising edge-triggered cell FDRE clocked by clk_fpga_0  {rise@0.000ns fall@10.000ns period=20.000ns})
  Path Group:             clk_fpga_0
  Path Type:              Setup (Max at Slow Process Corner)
  Requirement:            20.000ns  (clk_fpga_0 rise@20.000ns - clk_fpga_0 rise@0.000ns)
  Data Path Delay:        18.829ns  (logic 10.448ns (55.489%)  route 8.381ns (44.511%))
  Logic Levels:           17  (CARRY4=7 DSP48E1=2 LUT2=1 LUT3=1 LUT5=3 LUT6=3)
  Clock Path Skew:        -0.115ns (DCD - SCD + CPR)
    Destination Clock Delay (DCD):    2.643ns = ( 22.643 - 20.000 ) 
    Source Clock Delay      (SCD):    2.987ns
    Clock Pessimism Removal (CPR):    0.229ns
  Clock Uncertainty:      0.302ns  ((TSJ^2 + TIJ^2)^1/2 + DJ) / 2 + PE
    Total System Jitter     (TSJ):    0.071ns
    Total Input Jitter      (TIJ):    0.600ns
    Discrete Jitter          (DJ):    0.000ns
    Phase Error              (PE):    0.000ns

    Location             Delay type                Incr(ns)  Path(ns)    Netlist Resource(s)
  -------------------------------------------------------------------    -------------------
                         (clock clk_fpga_0 rise edge)
                                                      0.000     0.000 r  
    PS7_X0Y0             PS7                          0.000     0.000 r  design_1_i/processing_system7_0/inst/PS7_i/FCLKCLK[0]
                         net (fo=1, routed)           1.193     1.193    design_1_i/processing_system7_0/inst/FCLK_CLK_unbuffered[0]
    BUFGCTRL_X0Y16       BUFG (Prop_bufg_I_O)         0.101     1.294 r  design_1_i/processing_system7_0/inst/buffer_fclk_clk_0.FCLK_CLK_0_BUFG/O
                         net (fo=5198, routed)        1.693     2.987    design_1_i/top_0/inst/dmem/clk
    RAMB36_X2Y18         RAMB36E1                                     r  design_1_i/top_0/inst/dmem/mem_reg_2_3/CLKBWRCLK
  -------------------------------------------------------------------    -------------------
    RAMB36_X2Y18         RAMB36E1 (Prop_ramb36e1_CLKBWRCLK_DOBDO[1])
                                                      2.454     5.441 r  design_1_i/top_0/inst/dmem/mem_reg_2_3/DOBDO[1]
                         net (fo=2, routed)           1.479     6.920    design_1_i/top_0/inst/dmem/rdata_a[23]
    SLICE_X48Y79         LUT6 (Prop_lut6_I5_O)        0.124     7.044 r  design_1_i/top_0/inst/dmem/registers[15][31]_i_3/O
                         net (fo=25, routed)          0.671     7.715    design_1_i/top_0/inst/cpu/R4/registers_reg[1][31]
    SLICE_X52Y80         LUT6 (Prop_lut6_I2_O)        0.124     7.839 r  design_1_i/top_0/inst/cpu/R4/registers[15][11]_i_1/O
                         net (fo=17, routed)          1.002     8.841    design_1_i/top_0/inst/cpu/R4/D[11]
    SLICE_X54Y77         LUT5 (Prop_lut5_I0_O)        0.124     8.965 r  design_1_i/top_0/inst/cpu/R4/write_dataM[11]_i_1/O
                         net (fo=7, routed)           1.109    10.074    design_1_i/top_0/inst/cpu/R2/p_uu_4
    SLICE_X45Y73         LUT3 (Prop_lut3_I1_O)        0.124    10.198 r  design_1_i/top_0/inst/cpu/R2/p_ss_i_21/O
                         net (fo=15, routed)          1.278    11.476    design_1_i/top_0/inst/cpu/my_alu/src_BE[11]
    DSP48_X2Y34          DSP48E1 (Prop_dsp48e1_B[11]_PCOUT[47])
                                                      3.851    15.327 r  design_1_i/top_0/inst/cpu/my_alu/p_ss__1/PCOUT[47]
                         net (fo=1, routed)           0.002    15.329    design_1_i/top_0/inst/cpu/my_alu/p_ss__1_n_106
    DSP48_X2Y35          DSP48E1 (Prop_dsp48e1_PCIN[47]_P[0])
                                                      1.518    16.847 r  design_1_i/top_0/inst/cpu/my_alu/p_ss__2/P[0]
                         net (fo=2, routed)           0.967    17.814    design_1_i/top_0/inst/cpu/my_alu/p_1_in[17]
    SLICE_X35Y78         LUT2 (Prop_lut2_I0_O)        0.124    17.938 r  design_1_i/top_0/inst/cpu/my_alu/alu_resultM[19]_i_40/O
                         net (fo=1, routed)           0.000    17.938    design_1_i/top_0/inst/cpu/my_alu/alu_resultM[19]_i_40_n_0
    SLICE_X35Y78         CARRY4 (Prop_carry4_S[1]_CO[3])
                                                      0.550    18.488 r  design_1_i/top_0/inst/cpu/my_alu/alu_resultM_reg[19]_i_18/CO[3]
                         net (fo=1, routed)           0.000    18.488    design_1_i/top_0/inst/cpu/my_alu/alu_resultM_reg[19]_i_18_n_0
    SLICE_X35Y79         CARRY4 (Prop_carry4_CI_CO[3])
                                                      0.114    18.602 r  design_1_i/top_0/inst/cpu/my_alu/alu_resultM_reg[23]_i_18/CO[3]
                         net (fo=1, routed)           0.000    18.602    design_1_i/top_0/inst/cpu/my_alu/alu_resultM_reg[23]_i_18_n_0
    SLICE_X35Y80         CARRY4 (Prop_carry4_CI_CO[3])
                                                      0.114    18.716 r  design_1_i/top_0/inst/cpu/my_alu/alu_resultM_reg[27]_i_18/CO[3]
                         net (fo=1, routed)           0.000    18.716    design_1_i/top_0/inst/cpu/my_alu/alu_resultM_reg[27]_i_18_n_0
    SLICE_X35Y81         CARRY4 (Prop_carry4_CI_CO[3])
                                                      0.114    18.830 r  design_1_i/top_0/inst/cpu/my_alu/alu_resultM_reg[31]_i_16/CO[3]
                         net (fo=1, routed)           0.000    18.830    design_1_i/top_0/inst/cpu/my_alu/alu_resultM_reg[31]_i_16_n_0
    SLICE_X35Y82         CARRY4 (Prop_carry4_CI_CO[3])
                                                      0.114    18.944 r  design_1_i/top_0/inst/cpu/my_alu/alu_resultM_reg[3]_i_18/CO[3]
                         net (fo=1, routed)           0.000    18.944    design_1_i/top_0/inst/cpu/my_alu/alu_resultM_reg[3]_i_18_n_0
    SLICE_X35Y83         CARRY4 (Prop_carry4_CI_CO[3])
                                                      0.114    19.058 r  design_1_i/top_0/inst/cpu/my_alu/alu_resultM_reg[7]_i_16/CO[3]
                         net (fo=1, routed)           0.000    19.058    design_1_i/top_0/inst/cpu/my_alu/alu_resultM_reg[7]_i_16_n_0
    SLICE_X35Y84         CARRY4 (Prop_carry4_CI_O[1])
                                                      0.334    19.392 r  design_1_i/top_0/inst/cpu/my_alu/alu_resultM_reg[11]_i_16/O[1]
                         net (fo=1, routed)           0.753    20.144    design_1_i/top_0/inst/cpu/my_alu/data12[9]
    SLICE_X36Y80         LUT6 (Prop_lut6_I1_O)        0.303    20.447 r  design_1_i/top_0/inst/cpu/my_alu/alu_resultM[9]_i_6/O
                         net (fo=1, routed)           0.666    21.113    design_1_i/top_0/inst/cpu/R2/alu_resultM_reg[9]_1
    SLICE_X37Y73         LUT5 (Prop_lut5_I4_O)        0.124    21.237 r  design_1_i/top_0/inst/cpu/R2/alu_resultM[9]_i_3/O
                         net (fo=1, routed)           0.456    21.693    design_1_i/top_0/inst/cpu/R2/alu_resultM[9]_i_3_n_0
    SLICE_X38Y73         LUT5 (Prop_lut5_I2_O)        0.124    21.817 r  design_1_i/top_0/inst/cpu/R2/alu_resultM[9]_i_1/O
                         net (fo=1, routed)           0.000    21.817    design_1_i/top_0/inst/cpu/R3/D[9]
    SLICE_X38Y73         FDRE                                         r  design_1_i/top_0/inst/cpu/R3/alu_resultM_reg[9]/D
  -------------------------------------------------------------------    -------------------

                         (clock clk_fpga_0 rise edge)
                                                     20.000    20.000 r  
    PS7_X0Y0             PS7                          0.000    20.000 r  design_1_i/processing_system7_0/inst/PS7_i/FCLKCLK[0]
                         net (fo=1, routed)           1.088    21.088    design_1_i/processing_system7_0/inst/FCLK_CLK_unbuffered[0]
    BUFGCTRL_X0Y16       BUFG (Prop_bufg_I_O)         0.091    21.179 r  design_1_i/processing_system7_0/inst/buffer_fclk_clk_0.FCLK_CLK_0_BUFG/O
                         net (fo=5198, routed)        1.464    22.643    design_1_i/top_0/inst/cpu/R3/clk
    SLICE_X38Y73         FDRE                                         r  design_1_i/top_0/inst/cpu/R3/alu_resultM_reg[9]/C
                         clock pessimism              0.229    22.872    
                         clock uncertainty           -0.302    22.570    
    SLICE_X38Y73         FDRE (Setup_fdre_C_D)        0.077    22.647    design_1_i/top_0/inst/cpu/R3/alu_resultM_reg[9]
  -------------------------------------------------------------------
                         required time                         22.647    
                         arrival time                         -21.817    
  -------------------------------------------------------------------
                         slack                                  0.830    

Slack (MET) :             0.846ns  (required time - arrival time)
  Source:                 design_1_i/top_0/inst/dmem/mem_reg_2_3/CLKBWRCLK
                            (rising edge-triggered cell RAMB36E1 clocked by clk_fpga_0  {rise@0.000ns fall@10.000ns period=20.000ns})
  Destination:            design_1_i/top_0/inst/cpu/R3/alu_resultM_reg[23]/D
                            (rising edge-triggered cell FDRE clocked by clk_fpga_0  {rise@0.000ns fall@10.000ns period=20.000ns})
  Path Group:             clk_fpga_0
  Path Type:              Setup (Max at Slow Process Corner)
  Requirement:            20.000ns  (clk_fpga_0 rise@20.000ns - clk_fpga_0 rise@0.000ns)
  Data Path Delay:        18.771ns  (logic 10.346ns (55.117%)  route 8.425ns (44.883%))
  Logic Levels:           16  (CARRY4=6 DSP48E1=2 LUT2=1 LUT3=1 LUT5=3 LUT6=3)
  Clock Path Skew:        -0.111ns (DCD - SCD + CPR)
    Destination Clock Delay (DCD):    2.647ns = ( 22.647 - 20.000 ) 
    Source Clock Delay      (SCD):    2.987ns
    Clock Pessimism Removal (CPR):    0.229ns
  Clock Uncertainty:      0.302ns  ((TSJ^2 + TIJ^2)^1/2 + DJ) / 2 + PE
    Total System Jitter     (TSJ):    0.071ns
    Total Input Jitter      (TIJ):    0.600ns
    Discrete Jitter          (DJ):    0.000ns
    Phase Error              (PE):    0.000ns

    Location             Delay type                Incr(ns)  Path(ns)    Netlist Resource(s)
  -------------------------------------------------------------------    -------------------
                         (clock clk_fpga_0 rise edge)
                                                      0.000     0.000 r  
    PS7_X0Y0             PS7                          0.000     0.000 r  design_1_i/processing_system7_0/inst/PS7_i/FCLKCLK[0]
                         net (fo=1, routed)           1.193     1.193    design_1_i/processing_system7_0/inst/FCLK_CLK_unbuffered[0]
    BUFGCTRL_X0Y16       BUFG (Prop_bufg_I_O)         0.101     1.294 r  design_1_i/processing_system7_0/inst/buffer_fclk_clk_0.FCLK_CLK_0_BUFG/O
                         net (fo=5198, routed)        1.693     2.987    design_1_i/top_0/inst/dmem/clk
    RAMB36_X2Y18         RAMB36E1                                     r  design_1_i/top_0/inst/dmem/mem_reg_2_3/CLKBWRCLK
  -------------------------------------------------------------------    -------------------
    RAMB36_X2Y18         RAMB36E1 (Prop_ramb36e1_CLKBWRCLK_DOBDO[1])
                                                      2.454     5.441 r  design_1_i/top_0/inst/dmem/mem_reg_2_3/DOBDO[1]
                         net (fo=2, routed)           1.479     6.920    design_1_i/top_0/inst/dmem/rdata_a[23]
    SLICE_X48Y79         LUT6 (Prop_lut6_I5_O)        0.124     7.044 r  design_1_i/top_0/inst/dmem/registers[15][31]_i_3/O
                         net (fo=25, routed)          0.671     7.715    design_1_i/top_0/inst/cpu/R4/registers_reg[1][31]
    SLICE_X52Y80         LUT6 (Prop_lut6_I2_O)        0.124     7.839 r  design_1_i/top_0/inst/cpu/R4/registers[15][11]_i_1/O
                         net (fo=17, routed)          1.002     8.841    design_1_i/top_0/inst/cpu/R4/D[11]
    SLICE_X54Y77         LUT5 (Prop_lut5_I0_O)        0.124     8.965 r  design_1_i/top_0/inst/cpu/R4/write_dataM[11]_i_1/O
                         net (fo=7, routed)           1.109    10.074    design_1_i/top_0/inst/cpu/R2/p_uu_4
    SLICE_X45Y73         LUT3 (Prop_lut3_I1_O)        0.124    10.198 r  design_1_i/top_0/inst/cpu/R2/p_ss_i_21/O
                         net (fo=15, routed)          1.232    11.430    design_1_i/top_0/inst/cpu/my_alu/src_BE[11]
    DSP48_X2Y36          DSP48E1 (Prop_dsp48e1_A[11]_PCOUT[47])
                                                      4.036    15.466 r  design_1_i/top_0/inst/cpu/my_alu/p_su/PCOUT[47]
                         net (fo=1, routed)           0.002    15.468    design_1_i/top_0/inst/cpu/my_alu/p_su_n_106
    DSP48_X2Y37          DSP48E1 (Prop_dsp48e1_PCIN[47]_P[0])
                                                      1.518    16.986 r  design_1_i/top_0/inst/cpu/my_alu/p_su__0/P[0]
                         net (fo=1, routed)           1.251    18.237    design_1_i/top_0/inst/cpu/my_alu/p_su__0_n_105
    SLICE_X34Y78         LUT2 (Prop_lut2_I1_O)        0.124    18.361 r  design_1_i/top_0/inst/cpu/my_alu/alu_resultM[3]_i_30/O
                         net (fo=1, routed)           0.000    18.361    design_1_i/top_0/inst/cpu/my_alu/alu_resultM[3]_i_30_n_0
    SLICE_X34Y78         CARRY4 (Prop_carry4_S[2]_CO[3])
                                                      0.380    18.741 r  design_1_i/top_0/inst/cpu/my_alu/alu_resultM_reg[3]_i_17/CO[3]
                         net (fo=1, routed)           0.000    18.741    design_1_i/top_0/inst/cpu/my_alu/alu_resultM_reg[3]_i_17_n_0
    SLICE_X34Y79         CARRY4 (Prop_carry4_CI_CO[3])
                                                      0.117    18.858 r  design_1_i/top_0/inst/cpu/my_alu/alu_resultM_reg[7]_i_15/CO[3]
                         net (fo=1, routed)           0.000    18.858    design_1_i/top_0/inst/cpu/my_alu/alu_resultM_reg[7]_i_15_n_0
    SLICE_X34Y80         CARRY4 (Prop_carry4_CI_CO[3])
                                                      0.117    18.975 r  design_1_i/top_0/inst/cpu/my_alu/alu_resultM_reg[11]_i_15/CO[3]
                         net (fo=1, routed)           0.000    18.975    design_1_i/top_0/inst/cpu/my_alu/alu_resultM_reg[11]_i_15_n_0
    SLICE_X34Y81         CARRY4 (Prop_carry4_CI_CO[3])
                                                      0.117    19.092 r  design_1_i/top_0/inst/cpu/my_alu/alu_resultM_reg[15]_i_15/CO[3]
                         net (fo=1, routed)           0.000    19.092    design_1_i/top_0/inst/cpu/my_alu/alu_resultM_reg[15]_i_15_n_0
    SLICE_X34Y82         CARRY4 (Prop_carry4_CI_CO[3])
                                                      0.117    19.209 r  design_1_i/top_0/inst/cpu/my_alu/alu_resultM_reg[19]_i_16/CO[3]
                         net (fo=1, routed)           0.000    19.209    design_1_i/top_0/inst/cpu/my_alu/alu_resultM_reg[19]_i_16_n_0
    SLICE_X34Y83         CARRY4 (Prop_carry4_CI_O[3])
                                                      0.315    19.524 r  design_1_i/top_0/inst/cpu/my_alu/alu_resultM_reg[23]_i_16/O[3]
                         net (fo=1, routed)           0.869    20.393    design_1_i/top_0/inst/cpu/my_alu/data13[23]
    SLICE_X36Y79         LUT6 (Prop_lut6_I0_O)        0.307    20.700 r  design_1_i/top_0/inst/cpu/my_alu/alu_resultM[23]_i_7/O
                         net (fo=1, routed)           0.403    21.103    design_1_i/top_0/inst/cpu/R2/alu_resultM_reg[23]_1
    SLICE_X37Y79         LUT5 (Prop_lut5_I4_O)        0.124    21.227 r  design_1_i/top_0/inst/cpu/R2/alu_resultM[23]_i_3/O
                         net (fo=1, routed)           0.407    21.634    design_1_i/top_0/inst/cpu/R2/alu_resultM[23]_i_3_n_0
    SLICE_X37Y79         LUT5 (Prop_lut5_I2_O)        0.124    21.758 r  design_1_i/top_0/inst/cpu/R2/alu_resultM[23]_i_1/O
                         net (fo=1, routed)           0.000    21.758    design_1_i/top_0/inst/cpu/R3/D[23]
    SLICE_X37Y79         FDRE                                         r  design_1_i/top_0/inst/cpu/R3/alu_resultM_reg[23]/D
  -------------------------------------------------------------------    -------------------

                         (clock clk_fpga_0 rise edge)
                                                     20.000    20.000 r  
    PS7_X0Y0             PS7                          0.000    20.000 r  design_1_i/processing_system7_0/inst/PS7_i/FCLKCLK[0]
                         net (fo=1, routed)           1.088    21.088    design_1_i/processing_system7_0/inst/FCLK_CLK_unbuffered[0]
    BUFGCTRL_X0Y16       BUFG (Prop_bufg_I_O)         0.091    21.179 r  design_1_i/processing_system7_0/inst/buffer_fclk_clk_0.FCLK_CLK_0_BUFG/O
                         net (fo=5198, routed)        1.468    22.647    design_1_i/top_0/inst/cpu/R3/clk
    SLICE_X37Y79         FDRE                                         r  design_1_i/top_0/inst/cpu/R3/alu_resultM_reg[23]/C
                         clock pessimism              0.229    22.876    
                         clock uncertainty           -0.302    22.574    
    SLICE_X37Y79         FDRE (Setup_fdre_C_D)        0.031    22.605    design_1_i/top_0/inst/cpu/R3/alu_resultM_reg[23]
  -------------------------------------------------------------------
                         required time                         22.605    
                         arrival time                         -21.758    
  -------------------------------------------------------------------
                         slack                                  0.846    

Slack (MET) :             0.858ns  (required time - arrival time)
  Source:                 design_1_i/top_0/inst/dmem/mem_reg_2_3/CLKBWRCLK
                            (rising edge-triggered cell RAMB36E1 clocked by clk_fpga_0  {rise@0.000ns fall@10.000ns period=20.000ns})
  Destination:            design_1_i/top_0/inst/cpu/R3/alu_resultM_reg[16]/D
                            (rising edge-triggered cell FDRE clocked by clk_fpga_0  {rise@0.000ns fall@10.000ns period=20.000ns})
  Path Group:             clk_fpga_0
  Path Type:              Setup (Max at Slow Process Corner)
  Requirement:            20.000ns  (clk_fpga_0 rise@20.000ns - clk_fpga_0 rise@0.000ns)
  Data Path Delay:        18.802ns  (logic 10.560ns (56.163%)  route 8.242ns (43.837%))
  Logic Levels:           19  (CARRY4=9 DSP48E1=2 LUT2=1 LUT3=1 LUT5=3 LUT6=3)
  Clock Path Skew:        -0.114ns (DCD - SCD + CPR)
    Destination Clock Delay (DCD):    2.644ns = ( 22.644 - 20.000 ) 
    Source Clock Delay      (SCD):    2.987ns
    Clock Pessimism Removal (CPR):    0.229ns
  Clock Uncertainty:      0.302ns  ((TSJ^2 + TIJ^2)^1/2 + DJ) / 2 + PE
    Total System Jitter     (TSJ):    0.071ns
    Total Input Jitter      (TIJ):    0.600ns
    Discrete Jitter          (DJ):    0.000ns
    Phase Error              (PE):    0.000ns

    Location             Delay type                Incr(ns)  Path(ns)    Netlist Resource(s)
  -------------------------------------------------------------------    -------------------
                         (clock clk_fpga_0 rise edge)
                                                      0.000     0.000 r  
    PS7_X0Y0             PS7                          0.000     0.000 r  design_1_i/processing_system7_0/inst/PS7_i/FCLKCLK[0]
                         net (fo=1, routed)           1.193     1.193    design_1_i/processing_system7_0/inst/FCLK_CLK_unbuffered[0]
    BUFGCTRL_X0Y16       BUFG (Prop_bufg_I_O)         0.101     1.294 r  design_1_i/processing_system7_0/inst/buffer_fclk_clk_0.FCLK_CLK_0_BUFG/O
                         net (fo=5198, routed)        1.693     2.987    design_1_i/top_0/inst/dmem/clk
    RAMB36_X2Y18         RAMB36E1                                     r  design_1_i/top_0/inst/dmem/mem_reg_2_3/CLKBWRCLK
  -------------------------------------------------------------------    -------------------
    RAMB36_X2Y18         RAMB36E1 (Prop_ramb36e1_CLKBWRCLK_DOBDO[1])
                                                      2.454     5.441 r  design_1_i/top_0/inst/dmem/mem_reg_2_3/DOBDO[1]
                         net (fo=2, routed)           1.479     6.920    design_1_i/top_0/inst/dmem/rdata_a[23]
    SLICE_X48Y79         LUT6 (Prop_lut6_I5_O)        0.124     7.044 r  design_1_i/top_0/inst/dmem/registers[15][31]_i_3/O
                         net (fo=25, routed)          0.671     7.715    design_1_i/top_0/inst/cpu/R4/registers_reg[1][31]
    SLICE_X52Y80         LUT6 (Prop_lut6_I2_O)        0.124     7.839 r  design_1_i/top_0/inst/cpu/R4/registers[15][11]_i_1/O
                         net (fo=17, routed)          1.002     8.841    design_1_i/top_0/inst/cpu/R4/D[11]
    SLICE_X54Y77         LUT5 (Prop_lut5_I0_O)        0.124     8.965 r  design_1_i/top_0/inst/cpu/R4/write_dataM[11]_i_1/O
                         net (fo=7, routed)           1.109    10.074    design_1_i/top_0/inst/cpu/R2/p_uu_4
    SLICE_X45Y73         LUT3 (Prop_lut3_I1_O)        0.124    10.198 r  design_1_i/top_0/inst/cpu/R2/p_ss_i_21/O
                         net (fo=15, routed)          1.278    11.476    design_1_i/top_0/inst/cpu/my_alu/src_BE[11]
    DSP48_X2Y34          DSP48E1 (Prop_dsp48e1_B[11]_PCOUT[47])
                                                      3.851    15.327 r  design_1_i/top_0/inst/cpu/my_alu/p_ss__1/PCOUT[47]
                         net (fo=1, routed)           0.002    15.329    design_1_i/top_0/inst/cpu/my_alu/p_ss__1_n_106
    DSP48_X2Y35          DSP48E1 (Prop_dsp48e1_PCIN[47]_P[0])
                                                      1.518    16.847 r  design_1_i/top_0/inst/cpu/my_alu/p_ss__2/P[0]
                         net (fo=2, routed)           0.967    17.814    design_1_i/top_0/inst/cpu/my_alu/p_1_in[17]
    SLICE_X35Y78         LUT2 (Prop_lut2_I0_O)        0.124    17.938 r  design_1_i/top_0/inst/cpu/my_alu/alu_resultM[19]_i_40/O
                         net (fo=1, routed)           0.000    17.938    design_1_i/top_0/inst/cpu/my_alu/alu_resultM[19]_i_40_n_0
    SLICE_X35Y78         CARRY4 (Prop_carry4_S[1]_CO[3])
                                                      0.550    18.488 r  design_1_i/top_0/inst/cpu/my_alu/alu_resultM_reg[19]_i_18/CO[3]
                         net (fo=1, routed)           0.000    18.488    design_1_i/top_0/inst/cpu/my_alu/alu_resultM_reg[19]_i_18_n_0
    SLICE_X35Y79         CARRY4 (Prop_carry4_CI_CO[3])
                                                      0.114    18.602 r  design_1_i/top_0/inst/cpu/my_alu/alu_resultM_reg[23]_i_18/CO[3]
                         net (fo=1, routed)           0.000    18.602    design_1_i/top_0/inst/cpu/my_alu/alu_resultM_reg[23]_i_18_n_0
    SLICE_X35Y80         CARRY4 (Prop_carry4_CI_CO[3])
                                                      0.114    18.716 r  design_1_i/top_0/inst/cpu/my_alu/alu_resultM_reg[27]_i_18/CO[3]
                         net (fo=1, routed)           0.000    18.716    design_1_i/top_0/inst/cpu/my_alu/alu_resultM_reg[27]_i_18_n_0
    SLICE_X35Y81         CARRY4 (Prop_carry4_CI_CO[3])
                                                      0.114    18.830 r  design_1_i/top_0/inst/cpu/my_alu/alu_resultM_reg[31]_i_16/CO[3]
                         net (fo=1, routed)           0.000    18.830    design_1_i/top_0/inst/cpu/my_alu/alu_resultM_reg[31]_i_16_n_0
    SLICE_X35Y82         CARRY4 (Prop_carry4_CI_CO[3])
                                                      0.114    18.944 r  design_1_i/top_0/inst/cpu/my_alu/alu_resultM_reg[3]_i_18/CO[3]
                         net (fo=1, routed)           0.000    18.944    design_1_i/top_0/inst/cpu/my_alu/alu_resultM_reg[3]_i_18_n_0
    SLICE_X35Y83         CARRY4 (Prop_carry4_CI_CO[3])
                                                      0.114    19.058 r  design_1_i/top_0/inst/cpu/my_alu/alu_resultM_reg[7]_i_16/CO[3]
                         net (fo=1, routed)           0.000    19.058    design_1_i/top_0/inst/cpu/my_alu/alu_resultM_reg[7]_i_16_n_0
    SLICE_X35Y84         CARRY4 (Prop_carry4_CI_CO[3])
                                                      0.114    19.172 r  design_1_i/top_0/inst/cpu/my_alu/alu_resultM_reg[11]_i_16/CO[3]
                         net (fo=1, routed)           0.000    19.172    design_1_i/top_0/inst/cpu/my_alu/alu_resultM_reg[11]_i_16_n_0
    SLICE_X35Y85         CARRY4 (Prop_carry4_CI_CO[3])
                                                      0.114    19.286 r  design_1_i/top_0/inst/cpu/my_alu/alu_resultM_reg[15]_i_16/CO[3]
                         net (fo=1, routed)           0.000    19.286    design_1_i/top_0/inst/cpu/my_alu/alu_resultM_reg[15]_i_16_n_0
    SLICE_X35Y86         CARRY4 (Prop_carry4_CI_O[0])
                                                      0.222    19.508 r  design_1_i/top_0/inst/cpu/my_alu/alu_resultM_reg[19]_i_17/O[0]
                         net (fo=1, routed)           0.663    20.171    design_1_i/top_0/inst/cpu/my_alu/data12[16]
    SLICE_X33Y78         LUT6 (Prop_lut6_I1_O)        0.299    20.470 r  design_1_i/top_0/inst/cpu/my_alu/alu_resultM[16]_i_6/O
                         net (fo=1, routed)           0.585    21.056    design_1_i/top_0/inst/cpu/R2/alu_resultM_reg[16]_1
    SLICE_X37Y77         LUT5 (Prop_lut5_I4_O)        0.124    21.180 r  design_1_i/top_0/inst/cpu/R2/alu_resultM[16]_i_3/O
                         net (fo=1, routed)           0.486    21.666    design_1_i/top_0/inst/cpu/R2/alu_resultM[16]_i_3_n_0
    SLICE_X38Y77         LUT5 (Prop_lut5_I2_O)        0.124    21.790 r  design_1_i/top_0/inst/cpu/R2/alu_resultM[16]_i_1/O
                         net (fo=1, routed)           0.000    21.790    design_1_i/top_0/inst/cpu/R3/D[16]
    SLICE_X38Y77         FDRE                                         r  design_1_i/top_0/inst/cpu/R3/alu_resultM_reg[16]/D
  -------------------------------------------------------------------    -------------------

                         (clock clk_fpga_0 rise edge)
                                                     20.000    20.000 r  
    PS7_X0Y0             PS7                          0.000    20.000 r  design_1_i/processing_system7_0/inst/PS7_i/FCLKCLK[0]
                         net (fo=1, routed)           1.088    21.088    design_1_i/processing_system7_0/inst/FCLK_CLK_unbuffered[0]
    BUFGCTRL_X0Y16       BUFG (Prop_bufg_I_O)         0.091    21.179 r  design_1_i/processing_system7_0/inst/buffer_fclk_clk_0.FCLK_CLK_0_BUFG/O
                         net (fo=5198, routed)        1.465    22.644    design_1_i/top_0/inst/cpu/R3/clk
    SLICE_X38Y77         FDRE                                         r  design_1_i/top_0/inst/cpu/R3/alu_resultM_reg[16]/C
                         clock pessimism              0.229    22.873    
                         clock uncertainty           -0.302    22.571    
    SLICE_X38Y77         FDRE (Setup_fdre_C_D)        0.077    22.648    design_1_i/top_0/inst/cpu/R3/alu_resultM_reg[16]
  -------------------------------------------------------------------
                         required time                         22.648    
                         arrival time                         -21.790    
  -------------------------------------------------------------------
                         slack                                  0.858    

Slack (MET) :             0.876ns  (required time - arrival time)
  Source:                 design_1_i/top_0/inst/dmem/mem_reg_2_3/CLKBWRCLK
                            (rising edge-triggered cell RAMB36E1 clocked by clk_fpga_0  {rise@0.000ns fall@10.000ns period=20.000ns})
  Destination:            design_1_i/top_0/inst/cpu/R3/alu_resultM_reg[15]/D
                            (rising edge-triggered cell FDRE clocked by clk_fpga_0  {rise@0.000ns fall@10.000ns period=20.000ns})
  Path Group:             clk_fpga_0
  Path Type:              Setup (Max at Slow Process Corner)
  Requirement:            20.000ns  (clk_fpga_0 rise@20.000ns - clk_fpga_0 rise@0.000ns)
  Data Path Delay:        18.734ns  (logic 10.544ns (56.284%)  route 8.190ns (43.716%))
  Logic Levels:           18  (CARRY4=8 DSP48E1=2 LUT2=1 LUT3=1 LUT5=3 LUT6=3)
  Clock Path Skew:        -0.117ns (DCD - SCD + CPR)
    Destination Clock Delay (DCD):    2.641ns = ( 22.641 - 20.000 ) 
    Source Clock Delay      (SCD):    2.987ns
    Clock Pessimism Removal (CPR):    0.229ns
  Clock Uncertainty:      0.302ns  ((TSJ^2 + TIJ^2)^1/2 + DJ) / 2 + PE
    Total System Jitter     (TSJ):    0.071ns
    Total Input Jitter      (TIJ):    0.600ns
    Discrete Jitter          (DJ):    0.000ns
    Phase Error              (PE):    0.000ns

    Location             Delay type                Incr(ns)  Path(ns)    Netlist Resource(s)
  -------------------------------------------------------------------    -------------------
                         (clock clk_fpga_0 rise edge)
                                                      0.000     0.000 r  
    PS7_X0Y0             PS7                          0.000     0.000 r  design_1_i/processing_system7_0/inst/PS7_i/FCLKCLK[0]
                         net (fo=1, routed)           1.193     1.193    design_1_i/processing_system7_0/inst/FCLK_CLK_unbuffered[0]
    BUFGCTRL_X0Y16       BUFG (Prop_bufg_I_O)         0.101     1.294 r  design_1_i/processing_system7_0/inst/buffer_fclk_clk_0.FCLK_CLK_0_BUFG/O
                         net (fo=5198, routed)        1.693     2.987    design_1_i/top_0/inst/dmem/clk
    RAMB36_X2Y18         RAMB36E1                                     r  design_1_i/top_0/inst/dmem/mem_reg_2_3/CLKBWRCLK
  -------------------------------------------------------------------    -------------------
    RAMB36_X2Y18         RAMB36E1 (Prop_ramb36e1_CLKBWRCLK_DOBDO[1])
                                                      2.454     5.441 r  design_1_i/top_0/inst/dmem/mem_reg_2_3/DOBDO[1]
                         net (fo=2, routed)           1.479     6.920    design_1_i/top_0/inst/dmem/rdata_a[23]
    SLICE_X48Y79         LUT6 (Prop_lut6_I5_O)        0.124     7.044 r  design_1_i/top_0/inst/dmem/registers[15][31]_i_3/O
                         net (fo=25, routed)          0.671     7.715    design_1_i/top_0/inst/cpu/R4/registers_reg[1][31]
    SLICE_X52Y80         LUT6 (Prop_lut6_I2_O)        0.124     7.839 r  design_1_i/top_0/inst/cpu/R4/registers[15][11]_i_1/O
                         net (fo=17, routed)          1.002     8.841    design_1_i/top_0/inst/cpu/R4/D[11]
    SLICE_X54Y77         LUT5 (Prop_lut5_I0_O)        0.124     8.965 r  design_1_i/top_0/inst/cpu/R4/write_dataM[11]_i_1/O
                         net (fo=7, routed)           1.109    10.074    design_1_i/top_0/inst/cpu/R2/p_uu_4
    SLICE_X45Y73         LUT3 (Prop_lut3_I1_O)        0.124    10.198 r  design_1_i/top_0/inst/cpu/R2/p_ss_i_21/O
                         net (fo=15, routed)          1.278    11.476    design_1_i/top_0/inst/cpu/my_alu/src_BE[11]
    DSP48_X2Y34          DSP48E1 (Prop_dsp48e1_B[11]_PCOUT[47])
                                                      3.851    15.327 r  design_1_i/top_0/inst/cpu/my_alu/p_ss__1/PCOUT[47]
                         net (fo=1, routed)           0.002    15.329    design_1_i/top_0/inst/cpu/my_alu/p_ss__1_n_106
    DSP48_X2Y35          DSP48E1 (Prop_dsp48e1_PCIN[47]_P[0])
                                                      1.518    16.847 r  design_1_i/top_0/inst/cpu/my_alu/p_ss__2/P[0]
                         net (fo=2, routed)           0.967    17.814    design_1_i/top_0/inst/cpu/my_alu/p_1_in[17]
    SLICE_X35Y78         LUT2 (Prop_lut2_I0_O)        0.124    17.938 r  design_1_i/top_0/inst/cpu/my_alu/alu_resultM[19]_i_40/O
                         net (fo=1, routed)           0.000    17.938    design_1_i/top_0/inst/cpu/my_alu/alu_resultM[19]_i_40_n_0
    SLICE_X35Y78         CARRY4 (Prop_carry4_S[1]_CO[3])
                                                      0.550    18.488 r  design_1_i/top_0/inst/cpu/my_alu/alu_resultM_reg[19]_i_18/CO[3]
                         net (fo=1, routed)           0.000    18.488    design_1_i/top_0/inst/cpu/my_alu/alu_resultM_reg[19]_i_18_n_0
    SLICE_X35Y79         CARRY4 (Prop_carry4_CI_CO[3])
                                                      0.114    18.602 r  design_1_i/top_0/inst/cpu/my_alu/alu_resultM_reg[23]_i_18/CO[3]
                         net (fo=1, routed)           0.000    18.602    design_1_i/top_0/inst/cpu/my_alu/alu_resultM_reg[23]_i_18_n_0
    SLICE_X35Y80         CARRY4 (Prop_carry4_CI_CO[3])
                                                      0.114    18.716 r  design_1_i/top_0/inst/cpu/my_alu/alu_resultM_reg[27]_i_18/CO[3]
                         net (fo=1, routed)           0.000    18.716    design_1_i/top_0/inst/cpu/my_alu/alu_resultM_reg[27]_i_18_n_0
    SLICE_X35Y81         CARRY4 (Prop_carry4_CI_CO[3])
                                                      0.114    18.830 r  design_1_i/top_0/inst/cpu/my_alu/alu_resultM_reg[31]_i_16/CO[3]
                         net (fo=1, routed)           0.000    18.830    design_1_i/top_0/inst/cpu/my_alu/alu_resultM_reg[31]_i_16_n_0
    SLICE_X35Y82         CARRY4 (Prop_carry4_CI_CO[3])
                                                      0.114    18.944 r  design_1_i/top_0/inst/cpu/my_alu/alu_resultM_reg[3]_i_18/CO[3]
                         net (fo=1, routed)           0.000    18.944    design_1_i/top_0/inst/cpu/my_alu/alu_resultM_reg[3]_i_18_n_0
    SLICE_X35Y83         CARRY4 (Prop_carry4_CI_CO[3])
                                                      0.114    19.058 r  design_1_i/top_0/inst/cpu/my_alu/alu_resultM_reg[7]_i_16/CO[3]
                         net (fo=1, routed)           0.000    19.058    design_1_i/top_0/inst/cpu/my_alu/alu_resultM_reg[7]_i_16_n_0
    SLICE_X35Y84         CARRY4 (Prop_carry4_CI_CO[3])
                                                      0.114    19.172 r  design_1_i/top_0/inst/cpu/my_alu/alu_resultM_reg[11]_i_16/CO[3]
                         net (fo=1, routed)           0.000    19.172    design_1_i/top_0/inst/cpu/my_alu/alu_resultM_reg[11]_i_16_n_0
    SLICE_X35Y85         CARRY4 (Prop_carry4_CI_O[3])
                                                      0.313    19.485 r  design_1_i/top_0/inst/cpu/my_alu/alu_resultM_reg[15]_i_16/O[3]
                         net (fo=1, routed)           0.618    20.102    design_1_i/top_0/inst/cpu/my_alu/data12[15]
    SLICE_X36Y81         LUT6 (Prop_lut6_I1_O)        0.306    20.408 r  design_1_i/top_0/inst/cpu/my_alu/alu_resultM[15]_i_7/O
                         net (fo=1, routed)           0.632    21.040    design_1_i/top_0/inst/cpu/R2/alu_resultM_reg[15]_2
    SLICE_X37Y75         LUT5 (Prop_lut5_I4_O)        0.124    21.164 r  design_1_i/top_0/inst/cpu/R2/alu_resultM[15]_i_3/O
                         net (fo=1, routed)           0.433    21.597    design_1_i/top_0/inst/cpu/R2/alu_resultM[15]_i_3_n_0
    SLICE_X37Y75         LUT5 (Prop_lut5_I2_O)        0.124    21.721 r  design_1_i/top_0/inst/cpu/R2/alu_resultM[15]_i_1/O
                         net (fo=1, routed)           0.000    21.721    design_1_i/top_0/inst/cpu/R3/D[15]
    SLICE_X37Y75         FDRE                                         r  design_1_i/top_0/inst/cpu/R3/alu_resultM_reg[15]/D
  -------------------------------------------------------------------    -------------------

                         (clock clk_fpga_0 rise edge)
                                                     20.000    20.000 r  
    PS7_X0Y0             PS7                          0.000    20.000 r  design_1_i/processing_system7_0/inst/PS7_i/FCLKCLK[0]
                         net (fo=1, routed)           1.088    21.088    design_1_i/processing_system7_0/inst/FCLK_CLK_unbuffered[0]
    BUFGCTRL_X0Y16       BUFG (Prop_bufg_I_O)         0.091    21.179 r  design_1_i/processing_system7_0/inst/buffer_fclk_clk_0.FCLK_CLK_0_BUFG/O
                         net (fo=5198, routed)        1.462    22.641    design_1_i/top_0/inst/cpu/R3/clk
    SLICE_X37Y75         FDRE                                         r  design_1_i/top_0/inst/cpu/R3/alu_resultM_reg[15]/C
                         clock pessimism              0.229    22.870    
                         clock uncertainty           -0.302    22.568    
    SLICE_X37Y75         FDRE (Setup_fdre_C_D)        0.029    22.597    design_1_i/top_0/inst/cpu/R3/alu_resultM_reg[15]
  -------------------------------------------------------------------
                         required time                         22.597    
                         arrival time                         -21.721    
  -------------------------------------------------------------------
                         slack                                  0.876    





Min Delay Paths
--------------------------------------------------------------------------------------
Slack (MET) :             0.020ns  (arrival time - required time)
  Source:                 design_1_i/axi_smc/inst/switchboards/r_switchboard/inst/gen_mi[0].inst_opipe_payld/gen_pipe[1].pipe_reg[1][29]/C
                            (rising edge-triggered cell FDRE clocked by clk_fpga_0  {rise@0.000ns fall@10.000ns period=20.000ns})
  Destination:            design_1_i/axi_smc/inst/s00_nodes/s00_r_node/inst/inst_mi_handler/gen_normal_area.inst_fifo_node_payld/gen_xpm_memory_fifo.inst_fifo/gen_mem_rep[0].inst_xpm_memory/xpm_memory_base_inst/gen_wr_a.gen_word_narrow.mem_reg_0_31_24_29/RAMC_D1/I
                            (rising edge-triggered cell RAMD32 clocked by clk_fpga_0  {rise@0.000ns fall@10.000ns period=20.000ns})
  Path Group:             clk_fpga_0
  Path Type:              Hold (Min at Fast Process Corner)
  Requirement:            0.000ns  (clk_fpga_0 rise@0.000ns - clk_fpga_0 rise@0.000ns)
  Data Path Delay:        0.348ns  (logic 0.128ns (36.831%)  route 0.220ns (63.169%))
  Logic Levels:           0  
  Clock Path Skew:        0.266ns (DCD - SCD - CPR)
    Destination Clock Delay (DCD):    1.185ns
    Source Clock Delay      (SCD):    0.884ns
    Clock Pessimism Removal (CPR):    0.035ns

    Location             Delay type                Incr(ns)  Path(ns)    Netlist Resource(s)
  -------------------------------------------------------------------    -------------------
                         (clock clk_fpga_0 rise edge)
                                                      0.000     0.000 r  
    PS7_X0Y0             PS7                          0.000     0.000 r  design_1_i/processing_system7_0/inst/PS7_i/FCLKCLK[0]
                         net (fo=1, routed)           0.310     0.310    design_1_i/processing_system7_0/inst/FCLK_CLK_unbuffered[0]
    BUFGCTRL_X0Y16       BUFG (Prop_bufg_I_O)         0.026     0.336 r  design_1_i/processing_system7_0/inst/buffer_fclk_clk_0.FCLK_CLK_0_BUFG/O
                         net (fo=5198, routed)        0.548     0.884    design_1_i/axi_smc/inst/switchboards/r_switchboard/inst/gen_mi[0].inst_opipe_payld/aclk
    SLICE_X51Y85         FDRE                                         r  design_1_i/axi_smc/inst/switchboards/r_switchboard/inst/gen_mi[0].inst_opipe_payld/gen_pipe[1].pipe_reg[1][29]/C
  -------------------------------------------------------------------    -------------------
    SLICE_X51Y85         FDRE (Prop_fdre_C_Q)         0.128     1.012 r  design_1_i/axi_smc/inst/switchboards/r_switchboard/inst/gen_mi[0].inst_opipe_payld/gen_pipe[1].pipe_reg[1][29]/Q
                         net (fo=1, routed)           0.220     1.231    design_1_i/axi_smc/inst/s00_nodes/s00_r_node/inst/inst_mi_handler/gen_normal_area.inst_fifo_node_payld/gen_xpm_memory_fifo.inst_fifo/gen_mem_rep[0].inst_xpm_memory/xpm_memory_base_inst/gen_wr_a.gen_word_narrow.mem_reg_0_31_24_29/DIC1
    SLICE_X46Y86         RAMD32                                       r  design_1_i/axi_smc/inst/s00_nodes/s00_r_node/inst/inst_mi_handler/gen_normal_area.inst_fifo_node_payld/gen_xpm_memory_fifo.inst_fifo/gen_mem_rep[0].inst_xpm_memory/xpm_memory_base_inst/gen_wr_a.gen_word_narrow.mem_reg_0_31_24_29/RAMC_D1/I
  -------------------------------------------------------------------    -------------------

                         (clock clk_fpga_0 rise edge)
                                                      0.000     0.000 r  
    PS7_X0Y0             PS7                          0.000     0.000 r  design_1_i/processing_system7_0/inst/PS7_i/FCLKCLK[0]
                         net (fo=1, routed)           0.337     0.337    design_1_i/processing_system7_0/inst/FCLK_CLK_unbuffered[0]
    BUFGCTRL_X0Y16       BUFG (Prop_bufg_I_O)         0.029     0.366 r  design_1_i/processing_system7_0/inst/buffer_fclk_clk_0.FCLK_CLK_0_BUFG/O
                         net (fo=5198, routed)        0.819     1.185    design_1_i/axi_smc/inst/s00_nodes/s00_r_node/inst/inst_mi_handler/gen_normal_area.inst_fifo_node_payld/gen_xpm_memory_fifo.inst_fifo/gen_mem_rep[0].inst_xpm_memory/xpm_memory_base_inst/gen_wr_a.gen_word_narrow.mem_reg_0_31_24_29/WCLK
    SLICE_X46Y86         RAMD32                                       r  design_1_i/axi_smc/inst/s00_nodes/s00_r_node/inst/inst_mi_handler/gen_normal_area.inst_fifo_node_payld/gen_xpm_memory_fifo.inst_fifo/gen_mem_rep[0].inst_xpm_memory/xpm_memory_base_inst/gen_wr_a.gen_word_narrow.mem_reg_0_31_24_29/RAMC_D1/CLK
                         clock pessimism             -0.035     1.150    
    SLICE_X46Y86         RAMD32 (Hold_ramd32_CLK_I)
                                                      0.061     1.211    design_1_i/axi_smc/inst/s00_nodes/s00_r_node/inst/inst_mi_handler/gen_normal_area.inst_fifo_node_payld/gen_xpm_memory_fifo.inst_fifo/gen_mem_rep[0].inst_xpm_memory/xpm_memory_base_inst/gen_wr_a.gen_word_narrow.mem_reg_0_31_24_29/RAMC_D1
  -------------------------------------------------------------------
                         required time                         -1.211    
                         arrival time                           1.231    
  -------------------------------------------------------------------
                         slack                                  0.020    

Slack (MET) :             0.026ns  (arrival time - required time)
  Source:                 design_1_i/axi_smc/inst/s00_entry_pipeline/s00_mmu/inst/aw_sreg/m_vector_i_reg[1070]/C
                            (rising edge-triggered cell FDRE clocked by clk_fpga_0  {rise@0.000ns fall@10.000ns period=20.000ns})
  Destination:            design_1_i/axi_smc/inst/s00_entry_pipeline/s00_mmu/inst/aw_reg_stall/m_vector_i_reg[1070]/D
                            (rising edge-triggered cell FDRE clocked by clk_fpga_0  {rise@0.000ns fall@10.000ns period=20.000ns})
  Path Group:             clk_fpga_0
  Path Type:              Hold (Min at Fast Process Corner)
  Requirement:            0.000ns  (clk_fpga_0 rise@0.000ns - clk_fpga_0 rise@0.000ns)
  Data Path Delay:        0.466ns  (logic 0.186ns (39.930%)  route 0.280ns (60.070%))
  Logic Levels:           1  (LUT3=1)
  Clock Path Skew:        0.348ns (DCD - SCD - CPR)
    Destination Clock Delay (DCD):    1.296ns
    Source Clock Delay      (SCD):    0.913ns
    Clock Pessimism Removal (CPR):    0.035ns

    Location             Delay type                Incr(ns)  Path(ns)    Netlist Resource(s)
  -------------------------------------------------------------------    -------------------
                         (clock clk_fpga_0 rise edge)
                                                      0.000     0.000 r  
    PS7_X0Y0             PS7                          0.000     0.000 r  design_1_i/processing_system7_0/inst/PS7_i/FCLKCLK[0]
                         net (fo=1, routed)           0.310     0.310    design_1_i/processing_system7_0/inst/FCLK_CLK_unbuffered[0]
    BUFGCTRL_X0Y16       BUFG (Prop_bufg_I_O)         0.026     0.336 r  design_1_i/processing_system7_0/inst/buffer_fclk_clk_0.FCLK_CLK_0_BUFG/O
                         net (fo=5198, routed)        0.577     0.913    design_1_i/axi_smc/inst/s00_entry_pipeline/s00_mmu/inst/aw_sreg/aclk
    SLICE_X29Y99         FDRE                                         r  design_1_i/axi_smc/inst/s00_entry_pipeline/s00_mmu/inst/aw_sreg/m_vector_i_reg[1070]/C
  -------------------------------------------------------------------    -------------------
    SLICE_X29Y99         FDRE (Prop_fdre_C_Q)         0.141     1.054 r  design_1_i/axi_smc/inst/s00_entry_pipeline/s00_mmu/inst/aw_sreg/m_vector_i_reg[1070]/Q
                         net (fo=2, routed)           0.280     1.333    design_1_i/axi_smc/inst/s00_entry_pipeline/s00_mmu/inst/aw_reg_stall/D[28]
    SLICE_X31Y103        LUT3 (Prop_lut3_I1_O)        0.045     1.378 r  design_1_i/axi_smc/inst/s00_entry_pipeline/s00_mmu/inst/aw_reg_stall/m_vector_i[1070]_i_1/O
                         net (fo=1, routed)           0.000     1.378    design_1_i/axi_smc/inst/s00_entry_pipeline/s00_mmu/inst/aw_reg_stall/m_vector_i[1070]_i_1_n_0
    SLICE_X31Y103        FDRE                                         r  design_1_i/axi_smc/inst/s00_entry_pipeline/s00_mmu/inst/aw_reg_stall/m_vector_i_reg[1070]/D
  -------------------------------------------------------------------    -------------------

                         (clock clk_fpga_0 rise edge)
                                                      0.000     0.000 r  
    PS7_X0Y0             PS7                          0.000     0.000 r  design_1_i/processing_system7_0/inst/PS7_i/FCLKCLK[0]
                         net (fo=1, routed)           0.337     0.337    design_1_i/processing_system7_0/inst/FCLK_CLK_unbuffered[0]
    BUFGCTRL_X0Y16       BUFG (Prop_bufg_I_O)         0.029     0.366 r  design_1_i/processing_system7_0/inst/buffer_fclk_clk_0.FCLK_CLK_0_BUFG/O
                         net (fo=5198, routed)        0.930     1.296    design_1_i/axi_smc/inst/s00_entry_pipeline/s00_mmu/inst/aw_reg_stall/aclk
    SLICE_X31Y103        FDRE                                         r  design_1_i/axi_smc/inst/s00_entry_pipeline/s00_mmu/inst/aw_reg_stall/m_vector_i_reg[1070]/C
                         clock pessimism             -0.035     1.261    
    SLICE_X31Y103        FDRE (Hold_fdre_C_D)         0.092     1.353    design_1_i/axi_smc/inst/s00_entry_pipeline/s00_mmu/inst/aw_reg_stall/m_vector_i_reg[1070]
  -------------------------------------------------------------------
                         required time                         -1.353    
                         arrival time                           1.378    
  -------------------------------------------------------------------
                         slack                                  0.026    

Slack (MET) :             0.034ns  (arrival time - required time)
  Source:                 design_1_i/axi_smc/inst/m00_exit_pipeline/m00_exit/inst/w_reg/m_vector_i_reg[1055]/C
                            (rising edge-triggered cell FDRE clocked by clk_fpga_0  {rise@0.000ns fall@10.000ns period=20.000ns})
  Destination:            design_1_i/axi_bram_ctrl_0/U0/gext_inst.abcv4_0_ext_inst/GEN_AXI4.I_FULL_AXI/I_WR_CHNL/GEN_WRDATA[30].bram_wrdata_int_reg[30]/D
                            (rising edge-triggered cell FDRE clocked by clk_fpga_0  {rise@0.000ns fall@10.000ns period=20.000ns})
  Path Group:             clk_fpga_0
  Path Type:              Hold (Min at Fast Process Corner)
  Requirement:            0.000ns  (clk_fpga_0 rise@0.000ns - clk_fpga_0 rise@0.000ns)
  Data Path Delay:        0.307ns  (logic 0.128ns (41.731%)  route 0.179ns (58.269%))
  Logic Levels:           0  
  Clock Path Skew:        0.259ns (DCD - SCD - CPR)
    Destination Clock Delay (DCD):    1.187ns
    Source Clock Delay      (SCD):    0.893ns
    Clock Pessimism Removal (CPR):    0.035ns

    Location             Delay type                Incr(ns)  Path(ns)    Netlist Resource(s)
  -------------------------------------------------------------------    -------------------
                         (clock clk_fpga_0 rise edge)
                                                      0.000     0.000 r  
    PS7_X0Y0             PS7                          0.000     0.000 r  design_1_i/processing_system7_0/inst/PS7_i/FCLKCLK[0]
                         net (fo=1, routed)           0.310     0.310    design_1_i/processing_system7_0/inst/FCLK_CLK_unbuffered[0]
    BUFGCTRL_X0Y16       BUFG (Prop_bufg_I_O)         0.026     0.336 r  design_1_i/processing_system7_0/inst/buffer_fclk_clk_0.FCLK_CLK_0_BUFG/O
                         net (fo=5198, routed)        0.557     0.893    design_1_i/axi_smc/inst/m00_exit_pipeline/m00_exit/inst/w_reg/aclk
    SLICE_X44Y98         FDRE                                         r  design_1_i/axi_smc/inst/m00_exit_pipeline/m00_exit/inst/w_reg/m_vector_i_reg[1055]/C
  -------------------------------------------------------------------    -------------------
    SLICE_X44Y98         FDRE (Prop_fdre_C_Q)         0.128     1.021 r  design_1_i/axi_smc/inst/m00_exit_pipeline/m00_exit/inst/w_reg/m_vector_i_reg[1055]/Q
                         net (fo=1, routed)           0.179     1.199    design_1_i/axi_bram_ctrl_0/U0/gext_inst.abcv4_0_ext_inst/GEN_AXI4.I_FULL_AXI/I_WR_CHNL/s_axi_wdata[30]
    SLICE_X53Y97         FDRE                                         r  design_1_i/axi_bram_ctrl_0/U0/gext_inst.abcv4_0_ext_inst/GEN_AXI4.I_FULL_AXI/I_WR_CHNL/GEN_WRDATA[30].bram_wrdata_int_reg[30]/D
  -------------------------------------------------------------------    -------------------

                         (clock clk_fpga_0 rise edge)
                                                      0.000     0.000 r  
    PS7_X0Y0             PS7                          0.000     0.000 r  design_1_i/processing_system7_0/inst/PS7_i/FCLKCLK[0]
                         net (fo=1, routed)           0.337     0.337    design_1_i/processing_system7_0/inst/FCLK_CLK_unbuffered[0]
    BUFGCTRL_X0Y16       BUFG (Prop_bufg_I_O)         0.029     0.366 r  design_1_i/processing_system7_0/inst/buffer_fclk_clk_0.FCLK_CLK_0_BUFG/O
                         net (fo=5198, routed)        0.821     1.187    design_1_i/axi_bram_ctrl_0/U0/gext_inst.abcv4_0_ext_inst/GEN_AXI4.I_FULL_AXI/I_WR_CHNL/s_axi_aclk
    SLICE_X53Y97         FDRE                                         r  design_1_i/axi_bram_ctrl_0/U0/gext_inst.abcv4_0_ext_inst/GEN_AXI4.I_FULL_AXI/I_WR_CHNL/GEN_WRDATA[30].bram_wrdata_int_reg[30]/C
                         clock pessimism             -0.035     1.152    
    SLICE_X53Y97         FDRE (Hold_fdre_C_D)         0.013     1.165    design_1_i/axi_bram_ctrl_0/U0/gext_inst.abcv4_0_ext_inst/GEN_AXI4.I_FULL_AXI/I_WR_CHNL/GEN_WRDATA[30].bram_wrdata_int_reg[30]
  -------------------------------------------------------------------
                         required time                         -1.165    
                         arrival time                           1.199    
  -------------------------------------------------------------------
                         slack                                  0.034    

Slack (MET) :             0.037ns  (arrival time - required time)
  Source:                 design_1_i/axi_smc/inst/m00_exit_pipeline/m00_exit/inst/r_reg/m_vector_i_reg[1062]/C
                            (rising edge-triggered cell FDRE clocked by clk_fpga_0  {rise@0.000ns fall@10.000ns period=20.000ns})
  Destination:            design_1_i/axi_smc/inst/m00_nodes/m00_r_node/inst/inst_mi_handler/gen_normal_area.inst_fifo_node_payld/gen_xpm_memory_fifo.inst_fifo/gen_mem_rep[0].inst_xpm_memory/xpm_memory_base_inst/gen_wr_a.gen_word_narrow.mem_reg_0_31_24_29/RAMA/I
                            (rising edge-triggered cell RAMD32 clocked by clk_fpga_0  {rise@0.000ns fall@10.000ns period=20.000ns})
  Path Group:             clk_fpga_0
  Path Type:              Hold (Min at Fast Process Corner)
  Requirement:            0.000ns  (clk_fpga_0 rise@0.000ns - clk_fpga_0 rise@0.000ns)
  Data Path Delay:        0.197ns  (logic 0.141ns (71.611%)  route 0.056ns (28.389%))
  Logic Levels:           0  
  Clock Path Skew:        0.013ns (DCD - SCD - CPR)
    Destination Clock Delay (DCD):    1.180ns
    Source Clock Delay      (SCD):    0.884ns
    Clock Pessimism Removal (CPR):    0.283ns

    Location             Delay type                Incr(ns)  Path(ns)    Netlist Resource(s)
  -------------------------------------------------------------------    -------------------
                         (clock clk_fpga_0 rise edge)
                                                      0.000     0.000 r  
    PS7_X0Y0             PS7                          0.000     0.000 r  design_1_i/processing_system7_0/inst/PS7_i/FCLKCLK[0]
                         net (fo=1, routed)           0.310     0.310    design_1_i/processing_system7_0/inst/FCLK_CLK_unbuffered[0]
    BUFGCTRL_X0Y16       BUFG (Prop_bufg_I_O)         0.026     0.336 r  design_1_i/processing_system7_0/inst/buffer_fclk_clk_0.FCLK_CLK_0_BUFG/O
                         net (fo=5198, routed)        0.548     0.884    design_1_i/axi_smc/inst/m00_exit_pipeline/m00_exit/inst/r_reg/aclk
    SLICE_X51Y84         FDRE                                         r  design_1_i/axi_smc/inst/m00_exit_pipeline/m00_exit/inst/r_reg/m_vector_i_reg[1062]/C
  -------------------------------------------------------------------    -------------------
    SLICE_X51Y84         FDRE (Prop_fdre_C_Q)         0.141     1.025 r  design_1_i/axi_smc/inst/m00_exit_pipeline/m00_exit/inst/r_reg/m_vector_i_reg[1062]/Q
                         net (fo=1, routed)           0.056     1.080    design_1_i/axi_smc/inst/m00_nodes/m00_r_node/inst/inst_mi_handler/gen_normal_area.inst_fifo_node_payld/gen_xpm_memory_fifo.inst_fifo/gen_mem_rep[0].inst_xpm_memory/xpm_memory_base_inst/gen_wr_a.gen_word_narrow.mem_reg_0_31_24_29/DIA0
    SLICE_X50Y84         RAMD32                                       r  design_1_i/axi_smc/inst/m00_nodes/m00_r_node/inst/inst_mi_handler/gen_normal_area.inst_fifo_node_payld/gen_xpm_memory_fifo.inst_fifo/gen_mem_rep[0].inst_xpm_memory/xpm_memory_base_inst/gen_wr_a.gen_word_narrow.mem_reg_0_31_24_29/RAMA/I
  -------------------------------------------------------------------    -------------------

                         (clock clk_fpga_0 rise edge)
                                                      0.000     0.000 r  
    PS7_X0Y0             PS7                          0.000     0.000 r  design_1_i/processing_system7_0/inst/PS7_i/FCLKCLK[0]
                         net (fo=1, routed)           0.337     0.337    design_1_i/processing_system7_0/inst/FCLK_CLK_unbuffered[0]
    BUFGCTRL_X0Y16       BUFG (Prop_bufg_I_O)         0.029     0.366 r  design_1_i/processing_system7_0/inst/buffer_fclk_clk_0.FCLK_CLK_0_BUFG/O
                         net (fo=5198, routed)        0.814     1.180    design_1_i/axi_smc/inst/m00_nodes/m00_r_node/inst/inst_mi_handler/gen_normal_area.inst_fifo_node_payld/gen_xpm_memory_fifo.inst_fifo/gen_mem_rep[0].inst_xpm_memory/xpm_memory_base_inst/gen_wr_a.gen_word_narrow.mem_reg_0_31_24_29/WCLK
    SLICE_X50Y84         RAMD32                                       r  design_1_i/axi_smc/inst/m00_nodes/m00_r_node/inst/inst_mi_handler/gen_normal_area.inst_fifo_node_payld/gen_xpm_memory_fifo.inst_fifo/gen_mem_rep[0].inst_xpm_memory/xpm_memory_base_inst/gen_wr_a.gen_word_narrow.mem_reg_0_31_24_29/RAMA/CLK
                         clock pessimism             -0.283     0.897    
    SLICE_X50Y84         RAMD32 (Hold_ramd32_CLK_I)
                                                      0.147     1.044    design_1_i/axi_smc/inst/m00_nodes/m00_r_node/inst/inst_mi_handler/gen_normal_area.inst_fifo_node_payld/gen_xpm_memory_fifo.inst_fifo/gen_mem_rep[0].inst_xpm_memory/xpm_memory_base_inst/gen_wr_a.gen_word_narrow.mem_reg_0_31_24_29/RAMA
  -------------------------------------------------------------------
                         required time                         -1.044    
                         arrival time                           1.080    
  -------------------------------------------------------------------
                         slack                                  0.037    

Slack (MET) :             0.037ns  (arrival time - required time)
  Source:                 design_1_i/axi_smc/inst/m00_exit_pipeline/m00_exit/inst/r_reg/m_vector_i_reg[1074]/C
                            (rising edge-triggered cell FDRE clocked by clk_fpga_0  {rise@0.000ns fall@10.000ns period=20.000ns})
  Destination:            design_1_i/axi_smc/inst/m00_nodes/m00_r_node/inst/inst_mi_handler/gen_normal_area.inst_fifo_node_payld/gen_xpm_memory_fifo.inst_fifo/gen_mem_rep[0].inst_xpm_memory/xpm_memory_base_inst/gen_wr_a.gen_word_narrow.mem_reg_0_31_36_41/RAMA/I
                            (rising edge-triggered cell RAMD32 clocked by clk_fpga_0  {rise@0.000ns fall@10.000ns period=20.000ns})
  Path Group:             clk_fpga_0
  Path Type:              Hold (Min at Fast Process Corner)
  Requirement:            0.000ns  (clk_fpga_0 rise@0.000ns - clk_fpga_0 rise@0.000ns)
  Data Path Delay:        0.197ns  (logic 0.141ns (71.611%)  route 0.056ns (28.389%))
  Logic Levels:           0  
  Clock Path Skew:        0.013ns (DCD - SCD - CPR)
    Destination Clock Delay (DCD):    1.184ns
    Source Clock Delay      (SCD):    0.888ns
    Clock Pessimism Removal (CPR):    0.283ns

    Location             Delay type                Incr(ns)  Path(ns)    Netlist Resource(s)
  -------------------------------------------------------------------    -------------------
                         (clock clk_fpga_0 rise edge)
                                                      0.000     0.000 r  
    PS7_X0Y0             PS7                          0.000     0.000 r  design_1_i/processing_system7_0/inst/PS7_i/FCLKCLK[0]
                         net (fo=1, routed)           0.310     0.310    design_1_i/processing_system7_0/inst/FCLK_CLK_unbuffered[0]
    BUFGCTRL_X0Y16       BUFG (Prop_bufg_I_O)         0.026     0.336 r  design_1_i/processing_system7_0/inst/buffer_fclk_clk_0.FCLK_CLK_0_BUFG/O
                         net (fo=5198, routed)        0.552     0.888    design_1_i/axi_smc/inst/m00_exit_pipeline/m00_exit/inst/r_reg/aclk
    SLICE_X47Y84         FDRE                                         r  design_1_i/axi_smc/inst/m00_exit_pipeline/m00_exit/inst/r_reg/m_vector_i_reg[1074]/C
  -------------------------------------------------------------------    -------------------
    SLICE_X47Y84         FDRE (Prop_fdre_C_Q)         0.141     1.029 r  design_1_i/axi_smc/inst/m00_exit_pipeline/m00_exit/inst/r_reg/m_vector_i_reg[1074]/Q
                         net (fo=1, routed)           0.056     1.084    design_1_i/axi_smc/inst/m00_nodes/m00_r_node/inst/inst_mi_handler/gen_normal_area.inst_fifo_node_payld/gen_xpm_memory_fifo.inst_fifo/gen_mem_rep[0].inst_xpm_memory/xpm_memory_base_inst/gen_wr_a.gen_word_narrow.mem_reg_0_31_36_41/DIA0
    SLICE_X46Y84         RAMD32                                       r  design_1_i/axi_smc/inst/m00_nodes/m00_r_node/inst/inst_mi_handler/gen_normal_area.inst_fifo_node_payld/gen_xpm_memory_fifo.inst_fifo/gen_mem_rep[0].inst_xpm_memory/xpm_memory_base_inst/gen_wr_a.gen_word_narrow.mem_reg_0_31_36_41/RAMA/I
  -------------------------------------------------------------------    -------------------

                         (clock clk_fpga_0 rise edge)
                                                      0.000     0.000 r  
    PS7_X0Y0             PS7                          0.000     0.000 r  design_1_i/processing_system7_0/inst/PS7_i/FCLKCLK[0]
                         net (fo=1, routed)           0.337     0.337    design_1_i/processing_system7_0/inst/FCLK_CLK_unbuffered[0]
    BUFGCTRL_X0Y16       BUFG (Prop_bufg_I_O)         0.029     0.366 r  design_1_i/processing_system7_0/inst/buffer_fclk_clk_0.FCLK_CLK_0_BUFG/O
                         net (fo=5198, routed)        0.818     1.184    design_1_i/axi_smc/inst/m00_nodes/m00_r_node/inst/inst_mi_handler/gen_normal_area.inst_fifo_node_payld/gen_xpm_memory_fifo.inst_fifo/gen_mem_rep[0].inst_xpm_memory/xpm_memory_base_inst/gen_wr_a.gen_word_narrow.mem_reg_0_31_36_41/WCLK
    SLICE_X46Y84         RAMD32                                       r  design_1_i/axi_smc/inst/m00_nodes/m00_r_node/inst/inst_mi_handler/gen_normal_area.inst_fifo_node_payld/gen_xpm_memory_fifo.inst_fifo/gen_mem_rep[0].inst_xpm_memory/xpm_memory_base_inst/gen_wr_a.gen_word_narrow.mem_reg_0_31_36_41/RAMA/CLK
                         clock pessimism             -0.283     0.901    
    SLICE_X46Y84         RAMD32 (Hold_ramd32_CLK_I)
                                                      0.147     1.048    design_1_i/axi_smc/inst/m00_nodes/m00_r_node/inst/inst_mi_handler/gen_normal_area.inst_fifo_node_payld/gen_xpm_memory_fifo.inst_fifo/gen_mem_rep[0].inst_xpm_memory/xpm_memory_base_inst/gen_wr_a.gen_word_narrow.mem_reg_0_31_36_41/RAMA
  -------------------------------------------------------------------
                         required time                         -1.048    
                         arrival time                           1.084    
  -------------------------------------------------------------------
                         slack                                  0.037    

Slack (MET) :             0.042ns  (arrival time - required time)
  Source:                 design_1_i/axi_bram_ctrl_0/U0/gext_inst.abcv4_0_ext_inst/GEN_AXI4.I_FULL_AXI/I_RD_CHNL/GEN_NO_RD_CMD_OPT.GEN_RDATA_NO_ECC.GEN_RDATA_NO_RL_NO_ECC.GEN_RDATA[28].axi_rdata_int_reg[28]/C
                            (rising edge-triggered cell FDRE clocked by clk_fpga_0  {rise@0.000ns fall@10.000ns period=20.000ns})
  Destination:            design_1_i/axi_smc/inst/m00_exit_pipeline/m00_exit/inst/r_reg/skid_buffer_reg[1087]/D
                            (rising edge-triggered cell FDRE clocked by clk_fpga_0  {rise@0.000ns fall@10.000ns period=20.000ns})
  Path Group:             clk_fpga_0
  Path Type:              Hold (Min at Fast Process Corner)
  Requirement:            0.000ns  (clk_fpga_0 rise@0.000ns - clk_fpga_0 rise@0.000ns)
  Data Path Delay:        0.372ns  (logic 0.141ns (37.912%)  route 0.231ns (62.088%))
  Logic Levels:           0  
  Clock Path Skew:        0.259ns (DCD - SCD - CPR)
    Destination Clock Delay (DCD):    1.180ns
    Source Clock Delay      (SCD):    0.886ns
    Clock Pessimism Removal (CPR):    0.035ns

    Location             Delay type                Incr(ns)  Path(ns)    Netlist Resource(s)
  -------------------------------------------------------------------    -------------------
                         (clock clk_fpga_0 rise edge)
                                                      0.000     0.000 r  
    PS7_X0Y0             PS7                          0.000     0.000 r  design_1_i/processing_system7_0/inst/PS7_i/FCLKCLK[0]
                         net (fo=1, routed)           0.310     0.310    design_1_i/processing_system7_0/inst/FCLK_CLK_unbuffered[0]
    BUFGCTRL_X0Y16       BUFG (Prop_bufg_I_O)         0.026     0.336 r  design_1_i/processing_system7_0/inst/buffer_fclk_clk_0.FCLK_CLK_0_BUFG/O
                         net (fo=5198, routed)        0.550     0.886    design_1_i/axi_bram_ctrl_0/U0/gext_inst.abcv4_0_ext_inst/GEN_AXI4.I_FULL_AXI/I_RD_CHNL/s_axi_aclk
    SLICE_X48Y83         FDRE                                         r  design_1_i/axi_bram_ctrl_0/U0/gext_inst.abcv4_0_ext_inst/GEN_AXI4.I_FULL_AXI/I_RD_CHNL/GEN_NO_RD_CMD_OPT.GEN_RDATA_NO_ECC.GEN_RDATA_NO_RL_NO_ECC.GEN_RDATA[28].axi_rdata_int_reg[28]/C
  -------------------------------------------------------------------    -------------------
    SLICE_X48Y83         FDRE (Prop_fdre_C_Q)         0.141     1.027 r  design_1_i/axi_bram_ctrl_0/U0/gext_inst.abcv4_0_ext_inst/GEN_AXI4.I_FULL_AXI/I_RD_CHNL/GEN_NO_RD_CMD_OPT.GEN_RDATA_NO_ECC.GEN_RDATA_NO_RL_NO_ECC.GEN_RDATA[28].axi_rdata_int_reg[28]/Q
                         net (fo=2, routed)           0.231     1.258    design_1_i/axi_smc/inst/m00_exit_pipeline/m00_exit/inst/r_reg/D[31]
    SLICE_X52Y84         FDRE                                         r  design_1_i/axi_smc/inst/m00_exit_pipeline/m00_exit/inst/r_reg/skid_buffer_reg[1087]/D
  -------------------------------------------------------------------    -------------------

                         (clock clk_fpga_0 rise edge)
                                                      0.000     0.000 r  
    PS7_X0Y0             PS7                          0.000     0.000 r  design_1_i/processing_system7_0/inst/PS7_i/FCLKCLK[0]
                         net (fo=1, routed)           0.337     0.337    design_1_i/processing_system7_0/inst/FCLK_CLK_unbuffered[0]
    BUFGCTRL_X0Y16       BUFG (Prop_bufg_I_O)         0.029     0.366 r  design_1_i/processing_system7_0/inst/buffer_fclk_clk_0.FCLK_CLK_0_BUFG/O
                         net (fo=5198, routed)        0.814     1.180    design_1_i/axi_smc/inst/m00_exit_pipeline/m00_exit/inst/r_reg/aclk
    SLICE_X52Y84         FDRE                                         r  design_1_i/axi_smc/inst/m00_exit_pipeline/m00_exit/inst/r_reg/skid_buffer_reg[1087]/C
                         clock pessimism             -0.035     1.145    
    SLICE_X52Y84         FDRE (Hold_fdre_C_D)         0.071     1.216    design_1_i/axi_smc/inst/m00_exit_pipeline/m00_exit/inst/r_reg/skid_buffer_reg[1087]
  -------------------------------------------------------------------
                         required time                         -1.216    
                         arrival time                           1.258    
  -------------------------------------------------------------------
                         slack                                  0.042    

Slack (MET) :             0.042ns  (arrival time - required time)
  Source:                 design_1_i/axi_smc/inst/m01_nodes/m01_r_node/inst/inst_mi_handler/gen_normal_area.inst_fifo_node_payld/gen_xpm_memory_fifo.inst_fifo/gen_mem_rep[0].inst_xpm_memory/xpm_memory_base_inst/gen_rd_b.gen_rd_b_synth_template.gen_rf_narrow_reg.doutb_reg_reg[37]/C
                            (rising edge-triggered cell FDRE clocked by clk_fpga_0  {rise@0.000ns fall@10.000ns period=20.000ns})
  Destination:            design_1_i/axi_smc/inst/switchboards/r_switchboard/inst/gen_mi[0].inst_opipe_payld/gen_pipe[1].pipe_reg[1][37]/D
                            (rising edge-triggered cell FDRE clocked by clk_fpga_0  {rise@0.000ns fall@10.000ns period=20.000ns})
  Path Group:             clk_fpga_0
  Path Type:              Hold (Min at Fast Process Corner)
  Requirement:            0.000ns  (clk_fpga_0 rise@0.000ns - clk_fpga_0 rise@0.000ns)
  Data Path Delay:        0.415ns  (logic 0.212ns (51.046%)  route 0.203ns (48.954%))
  Logic Levels:           1  (LUT3=1)
  Clock Path Skew:        0.266ns (DCD - SCD - CPR)
    Destination Clock Delay (DCD):    1.185ns
    Source Clock Delay      (SCD):    0.884ns
    Clock Pessimism Removal (CPR):    0.035ns

    Location             Delay type                Incr(ns)  Path(ns)    Netlist Resource(s)
  -------------------------------------------------------------------    -------------------
                         (clock clk_fpga_0 rise edge)
                                                      0.000     0.000 r  
    PS7_X0Y0             PS7                          0.000     0.000 r  design_1_i/processing_system7_0/inst/PS7_i/FCLKCLK[0]
                         net (fo=1, routed)           0.310     0.310    design_1_i/processing_system7_0/inst/FCLK_CLK_unbuffered[0]
    BUFGCTRL_X0Y16       BUFG (Prop_bufg_I_O)         0.026     0.336 r  design_1_i/processing_system7_0/inst/buffer_fclk_clk_0.FCLK_CLK_0_BUFG/O
                         net (fo=5198, routed)        0.548     0.884    design_1_i/axi_smc/inst/m01_nodes/m01_r_node/inst/inst_mi_handler/gen_normal_area.inst_fifo_node_payld/gen_xpm_memory_fifo.inst_fifo/gen_mem_rep[0].inst_xpm_memory/xpm_memory_base_inst/clka
    SLICE_X50Y86         FDRE                                         r  design_1_i/axi_smc/inst/m01_nodes/m01_r_node/inst/inst_mi_handler/gen_normal_area.inst_fifo_node_payld/gen_xpm_memory_fifo.inst_fifo/gen_mem_rep[0].inst_xpm_memory/xpm_memory_base_inst/gen_rd_b.gen_rd_b_synth_template.gen_rf_narrow_reg.doutb_reg_reg[37]/C
  -------------------------------------------------------------------    -------------------
    SLICE_X50Y86         FDRE (Prop_fdre_C_Q)         0.164     1.048 r  design_1_i/axi_smc/inst/m01_nodes/m01_r_node/inst/inst_mi_handler/gen_normal_area.inst_fifo_node_payld/gen_xpm_memory_fifo.inst_fifo/gen_mem_rep[0].inst_xpm_memory/xpm_memory_base_inst/gen_rd_b.gen_rd_b_synth_template.gen_rf_narrow_reg.doutb_reg_reg[37]/Q
                         net (fo=1, routed)           0.203     1.251    design_1_i/axi_smc/inst/switchboards/r_switchboard/inst/gen_mi[0].inst_mux_payld/s_sc_payld[66]
    SLICE_X47Y86         LUT3 (Prop_lut3_I0_O)        0.048     1.299 r  design_1_i/axi_smc/inst/switchboards/r_switchboard/inst/gen_mi[0].inst_mux_payld/gen_pipe[1].pipe[1][37]_i_1/O
                         net (fo=1, routed)           0.000     1.299    design_1_i/axi_smc/inst/switchboards/r_switchboard/inst/gen_mi[0].inst_opipe_payld/pipe[0][25]
    SLICE_X47Y86         FDRE                                         r  design_1_i/axi_smc/inst/switchboards/r_switchboard/inst/gen_mi[0].inst_opipe_payld/gen_pipe[1].pipe_reg[1][37]/D
  -------------------------------------------------------------------    -------------------

                         (clock clk_fpga_0 rise edge)
                                                      0.000     0.000 r  
    PS7_X0Y0             PS7                          0.000     0.000 r  design_1_i/processing_system7_0/inst/PS7_i/FCLKCLK[0]
                         net (fo=1, routed)           0.337     0.337    design_1_i/processing_system7_0/inst/FCLK_CLK_unbuffered[0]
    BUFGCTRL_X0Y16       BUFG (Prop_bufg_I_O)         0.029     0.366 r  design_1_i/processing_system7_0/inst/buffer_fclk_clk_0.FCLK_CLK_0_BUFG/O
                         net (fo=5198, routed)        0.819     1.185    design_1_i/axi_smc/inst/switchboards/r_switchboard/inst/gen_mi[0].inst_opipe_payld/aclk
    SLICE_X47Y86         FDRE                                         r  design_1_i/axi_smc/inst/switchboards/r_switchboard/inst/gen_mi[0].inst_opipe_payld/gen_pipe[1].pipe_reg[1][37]/C
                         clock pessimism             -0.035     1.150    
    SLICE_X47Y86         FDRE (Hold_fdre_C_D)         0.107     1.257    design_1_i/axi_smc/inst/switchboards/r_switchboard/inst/gen_mi[0].inst_opipe_payld/gen_pipe[1].pipe_reg[1][37]
  -------------------------------------------------------------------
                         required time                         -1.257    
                         arrival time                           1.299    
  -------------------------------------------------------------------
                         slack                                  0.042    

Slack (MET) :             0.043ns  (arrival time - required time)
  Source:                 design_1_i/axi_smc/inst/m01_nodes/m01_r_node/inst/inst_mi_handler/gen_normal_area.inst_fifo_node_payld/gen_xpm_memory_fifo.inst_fifo/gen_mem_rep[0].inst_xpm_memory/xpm_memory_base_inst/gen_rd_b.gen_rd_b_synth_template.gen_rf_narrow_reg.doutb_reg_reg[52]/C
                            (rising edge-triggered cell FDRE clocked by clk_fpga_0  {rise@0.000ns fall@10.000ns period=20.000ns})
  Destination:            design_1_i/axi_smc/inst/switchboards/r_switchboard/inst/gen_mi[0].inst_opipe_payld/gen_pipe[1].pipe_reg[1][52]/D
                            (rising edge-triggered cell FDRE clocked by clk_fpga_0  {rise@0.000ns fall@10.000ns period=20.000ns})
  Path Group:             clk_fpga_0
  Path Type:              Hold (Min at Fast Process Corner)
  Requirement:            0.000ns  (clk_fpga_0 rise@0.000ns - clk_fpga_0 rise@0.000ns)
  Data Path Delay:        0.400ns  (logic 0.246ns (61.474%)  route 0.154ns (38.526%))
  Logic Levels:           1  (LUT3=1)
  Clock Path Skew:        0.266ns (DCD - SCD - CPR)
    Destination Clock Delay (DCD):    1.185ns
    Source Clock Delay      (SCD):    0.884ns
    Clock Pessimism Removal (CPR):    0.035ns

    Location             Delay type                Incr(ns)  Path(ns)    Netlist Resource(s)
  -------------------------------------------------------------------    -------------------
                         (clock clk_fpga_0 rise edge)
                                                      0.000     0.000 r  
    PS7_X0Y0             PS7                          0.000     0.000 r  design_1_i/processing_system7_0/inst/PS7_i/FCLKCLK[0]
                         net (fo=1, routed)           0.310     0.310    design_1_i/processing_system7_0/inst/FCLK_CLK_unbuffered[0]
    BUFGCTRL_X0Y16       BUFG (Prop_bufg_I_O)         0.026     0.336 r  design_1_i/processing_system7_0/inst/buffer_fclk_clk_0.FCLK_CLK_0_BUFG/O
                         net (fo=5198, routed)        0.548     0.884    design_1_i/axi_smc/inst/m01_nodes/m01_r_node/inst/inst_mi_handler/gen_normal_area.inst_fifo_node_payld/gen_xpm_memory_fifo.inst_fifo/gen_mem_rep[0].inst_xpm_memory/xpm_memory_base_inst/clka
    SLICE_X50Y85         FDRE                                         r  design_1_i/axi_smc/inst/m01_nodes/m01_r_node/inst/inst_mi_handler/gen_normal_area.inst_fifo_node_payld/gen_xpm_memory_fifo.inst_fifo/gen_mem_rep[0].inst_xpm_memory/xpm_memory_base_inst/gen_rd_b.gen_rd_b_synth_template.gen_rf_narrow_reg.doutb_reg_reg[52]/C
  -------------------------------------------------------------------    -------------------
    SLICE_X50Y85         FDRE (Prop_fdre_C_Q)         0.148     1.032 r  design_1_i/axi_smc/inst/m01_nodes/m01_r_node/inst/inst_mi_handler/gen_normal_area.inst_fifo_node_payld/gen_xpm_memory_fifo.inst_fifo/gen_mem_rep[0].inst_xpm_memory/xpm_memory_base_inst/gen_rd_b.gen_rd_b_synth_template.gen_rf_narrow_reg.doutb_reg_reg[52]/Q
                         net (fo=1, routed)           0.154     1.186    design_1_i/axi_smc/inst/switchboards/r_switchboard/inst/gen_mi[0].inst_mux_payld/s_sc_payld[81]
    SLICE_X49Y85         LUT3 (Prop_lut3_I0_O)        0.098     1.284 r  design_1_i/axi_smc/inst/switchboards/r_switchboard/inst/gen_mi[0].inst_mux_payld/gen_pipe[1].pipe[1][52]_i_1/O
                         net (fo=1, routed)           0.000     1.284    design_1_i/axi_smc/inst/switchboards/r_switchboard/inst/gen_mi[0].inst_opipe_payld/pipe[0][40]
    SLICE_X49Y85         FDRE                                         r  design_1_i/axi_smc/inst/switchboards/r_switchboard/inst/gen_mi[0].inst_opipe_payld/gen_pipe[1].pipe_reg[1][52]/D
  -------------------------------------------------------------------    -------------------

                         (clock clk_fpga_0 rise edge)
                                                      0.000     0.000 r  
    PS7_X0Y0             PS7                          0.000     0.000 r  design_1_i/processing_system7_0/inst/PS7_i/FCLKCLK[0]
                         net (fo=1, routed)           0.337     0.337    design_1_i/processing_system7_0/inst/FCLK_CLK_unbuffered[0]
    BUFGCTRL_X0Y16       BUFG (Prop_bufg_I_O)         0.029     0.366 r  design_1_i/processing_system7_0/inst/buffer_fclk_clk_0.FCLK_CLK_0_BUFG/O
                         net (fo=5198, routed)        0.819     1.185    design_1_i/axi_smc/inst/switchboards/r_switchboard/inst/gen_mi[0].inst_opipe_payld/aclk
    SLICE_X49Y85         FDRE                                         r  design_1_i/axi_smc/inst/switchboards/r_switchboard/inst/gen_mi[0].inst_opipe_payld/gen_pipe[1].pipe_reg[1][52]/C
                         clock pessimism             -0.035     1.150    
    SLICE_X49Y85         FDRE (Hold_fdre_C_D)         0.091     1.241    design_1_i/axi_smc/inst/switchboards/r_switchboard/inst/gen_mi[0].inst_opipe_payld/gen_pipe[1].pipe_reg[1][52]
  -------------------------------------------------------------------
                         required time                         -1.241    
                         arrival time                           1.284    
  -------------------------------------------------------------------
                         slack                                  0.043    

Slack (MET) :             0.047ns  (arrival time - required time)
  Source:                 design_1_i/axi_smc/inst/m01_nodes/m01_r_node/inst/inst_mi_handler/gen_normal_area.inst_fifo_node_payld/gen_xpm_memory_fifo.inst_fifo/gen_mem_rep[0].inst_xpm_memory/xpm_memory_base_inst/gen_rd_b.gen_rd_b_synth_template.gen_rf_narrow_reg.doutb_reg_reg[39]/C
                            (rising edge-triggered cell FDRE clocked by clk_fpga_0  {rise@0.000ns fall@10.000ns period=20.000ns})
  Destination:            design_1_i/axi_smc/inst/switchboards/r_switchboard/inst/gen_mi[0].inst_opipe_payld/gen_pipe[1].pipe_reg[1][39]/D
                            (rising edge-triggered cell FDRE clocked by clk_fpga_0  {rise@0.000ns fall@10.000ns period=20.000ns})
  Path Group:             clk_fpga_0
  Path Type:              Hold (Min at Fast Process Corner)
  Requirement:            0.000ns  (clk_fpga_0 rise@0.000ns - clk_fpga_0 rise@0.000ns)
  Data Path Delay:        0.420ns  (logic 0.210ns (49.941%)  route 0.210ns (50.059%))
  Logic Levels:           1  (LUT3=1)
  Clock Path Skew:        0.266ns (DCD - SCD - CPR)
    Destination Clock Delay (DCD):    1.185ns
    Source Clock Delay      (SCD):    0.884ns
    Clock Pessimism Removal (CPR):    0.035ns

    Location             Delay type                Incr(ns)  Path(ns)    Netlist Resource(s)
  -------------------------------------------------------------------    -------------------
                         (clock clk_fpga_0 rise edge)
                                                      0.000     0.000 r  
    PS7_X0Y0             PS7                          0.000     0.000 r  design_1_i/processing_system7_0/inst/PS7_i/FCLKCLK[0]
                         net (fo=1, routed)           0.310     0.310    design_1_i/processing_system7_0/inst/FCLK_CLK_unbuffered[0]
    BUFGCTRL_X0Y16       BUFG (Prop_bufg_I_O)         0.026     0.336 r  design_1_i/processing_system7_0/inst/buffer_fclk_clk_0.FCLK_CLK_0_BUFG/O
                         net (fo=5198, routed)        0.548     0.884    design_1_i/axi_smc/inst/m01_nodes/m01_r_node/inst/inst_mi_handler/gen_normal_area.inst_fifo_node_payld/gen_xpm_memory_fifo.inst_fifo/gen_mem_rep[0].inst_xpm_memory/xpm_memory_base_inst/clka
    SLICE_X50Y86         FDRE                                         r  design_1_i/axi_smc/inst/m01_nodes/m01_r_node/inst/inst_mi_handler/gen_normal_area.inst_fifo_node_payld/gen_xpm_memory_fifo.inst_fifo/gen_mem_rep[0].inst_xpm_memory/xpm_memory_base_inst/gen_rd_b.gen_rd_b_synth_template.gen_rf_narrow_reg.doutb_reg_reg[39]/C
  -------------------------------------------------------------------    -------------------
    SLICE_X50Y86         FDRE (Prop_fdre_C_Q)         0.164     1.048 r  design_1_i/axi_smc/inst/m01_nodes/m01_r_node/inst/inst_mi_handler/gen_normal_area.inst_fifo_node_payld/gen_xpm_memory_fifo.inst_fifo/gen_mem_rep[0].inst_xpm_memory/xpm_memory_base_inst/gen_rd_b.gen_rd_b_synth_template.gen_rf_narrow_reg.doutb_reg_reg[39]/Q
                         net (fo=1, routed)           0.210     1.258    design_1_i/axi_smc/inst/switchboards/r_switchboard/inst/gen_mi[0].inst_mux_payld/s_sc_payld[68]
    SLICE_X48Y86         LUT3 (Prop_lut3_I0_O)        0.046     1.304 r  design_1_i/axi_smc/inst/switchboards/r_switchboard/inst/gen_mi[0].inst_mux_payld/gen_pipe[1].pipe[1][39]_i_1/O
                         net (fo=1, routed)           0.000     1.304    design_1_i/axi_smc/inst/switchboards/r_switchboard/inst/gen_mi[0].inst_opipe_payld/pipe[0][27]
    SLICE_X48Y86         FDRE                                         r  design_1_i/axi_smc/inst/switchboards/r_switchboard/inst/gen_mi[0].inst_opipe_payld/gen_pipe[1].pipe_reg[1][39]/D
  -------------------------------------------------------------------    -------------------

                         (clock clk_fpga_0 rise edge)
                                                      0.000     0.000 r  
    PS7_X0Y0             PS7                          0.000     0.000 r  design_1_i/processing_system7_0/inst/PS7_i/FCLKCLK[0]
                         net (fo=1, routed)           0.337     0.337    design_1_i/processing_system7_0/inst/FCLK_CLK_unbuffered[0]
    BUFGCTRL_X0Y16       BUFG (Prop_bufg_I_O)         0.029     0.366 r  design_1_i/processing_system7_0/inst/buffer_fclk_clk_0.FCLK_CLK_0_BUFG/O
                         net (fo=5198, routed)        0.819     1.185    design_1_i/axi_smc/inst/switchboards/r_switchboard/inst/gen_mi[0].inst_opipe_payld/aclk
    SLICE_X48Y86         FDRE                                         r  design_1_i/axi_smc/inst/switchboards/r_switchboard/inst/gen_mi[0].inst_opipe_payld/gen_pipe[1].pipe_reg[1][39]/C
                         clock pessimism             -0.035     1.150    
    SLICE_X48Y86         FDRE (Hold_fdre_C_D)         0.107     1.257    design_1_i/axi_smc/inst/switchboards/r_switchboard/inst/gen_mi[0].inst_opipe_payld/gen_pipe[1].pipe_reg[1][39]
  -------------------------------------------------------------------
                         required time                         -1.257    
                         arrival time                           1.304    
  -------------------------------------------------------------------
                         slack                                  0.047    

Slack (MET) :             0.048ns  (arrival time - required time)
  Source:                 design_1_i/axi_smc/inst/switchboards/r_switchboard/inst/gen_mi[0].inst_opipe_payld/gen_pipe[1].pipe_reg[1][35]/C
                            (rising edge-triggered cell FDRE clocked by clk_fpga_0  {rise@0.000ns fall@10.000ns period=20.000ns})
  Destination:            design_1_i/axi_smc/inst/s00_nodes/s00_r_node/inst/inst_mi_handler/gen_normal_area.inst_fifo_node_payld/gen_xpm_memory_fifo.inst_fifo/gen_mem_rep[0].inst_xpm_memory/xpm_memory_base_inst/gen_wr_a.gen_word_narrow.mem_reg_0_31_30_35/RAMC_D1/I
                            (rising edge-triggered cell RAMD32 clocked by clk_fpga_0  {rise@0.000ns fall@10.000ns period=20.000ns})
  Path Group:             clk_fpga_0
  Path Type:              Hold (Min at Fast Process Corner)
  Requirement:            0.000ns  (clk_fpga_0 rise@0.000ns - clk_fpga_0 rise@0.000ns)
  Data Path Delay:        0.376ns  (logic 0.128ns (34.037%)  route 0.248ns (65.963%))
  Logic Levels:           0  
  Clock Path Skew:        0.267ns (DCD - SCD - CPR)
    Destination Clock Delay (DCD):    1.188ns
    Source Clock Delay      (SCD):    0.886ns
    Clock Pessimism Removal (CPR):    0.035ns

    Location             Delay type                Incr(ns)  Path(ns)    Netlist Resource(s)
  -------------------------------------------------------------------    -------------------
                         (clock clk_fpga_0 rise edge)
                                                      0.000     0.000 r  
    PS7_X0Y0             PS7                          0.000     0.000 r  design_1_i/processing_system7_0/inst/PS7_i/FCLKCLK[0]
                         net (fo=1, routed)           0.310     0.310    design_1_i/processing_system7_0/inst/FCLK_CLK_unbuffered[0]
    BUFGCTRL_X0Y16       BUFG (Prop_bufg_I_O)         0.026     0.336 r  design_1_i/processing_system7_0/inst/buffer_fclk_clk_0.FCLK_CLK_0_BUFG/O
                         net (fo=5198, routed)        0.550     0.886    design_1_i/axi_smc/inst/switchboards/r_switchboard/inst/gen_mi[0].inst_opipe_payld/aclk
    SLICE_X51Y88         FDRE                                         r  design_1_i/axi_smc/inst/switchboards/r_switchboard/inst/gen_mi[0].inst_opipe_payld/gen_pipe[1].pipe_reg[1][35]/C
  -------------------------------------------------------------------    -------------------
    SLICE_X51Y88         FDRE (Prop_fdre_C_Q)         0.128     1.014 r  design_1_i/axi_smc/inst/switchboards/r_switchboard/inst/gen_mi[0].inst_opipe_payld/gen_pipe[1].pipe_reg[1][35]/Q
                         net (fo=1, routed)           0.248     1.262    design_1_i/axi_smc/inst/s00_nodes/s00_r_node/inst/inst_mi_handler/gen_normal_area.inst_fifo_node_payld/gen_xpm_memory_fifo.inst_fifo/gen_mem_rep[0].inst_xpm_memory/xpm_memory_base_inst/gen_wr_a.gen_word_narrow.mem_reg_0_31_30_35/DIC1
    SLICE_X42Y88         RAMD32                                       r  design_1_i/axi_smc/inst/s00_nodes/s00_r_node/inst/inst_mi_handler/gen_normal_area.inst_fifo_node_payld/gen_xpm_memory_fifo.inst_fifo/gen_mem_rep[0].inst_xpm_memory/xpm_memory_base_inst/gen_wr_a.gen_word_narrow.mem_reg_0_31_30_35/RAMC_D1/I
  -------------------------------------------------------------------    -------------------

                         (clock clk_fpga_0 rise edge)
                                                      0.000     0.000 r  
    PS7_X0Y0             PS7                          0.000     0.000 r  design_1_i/processing_system7_0/inst/PS7_i/FCLKCLK[0]
                         net (fo=1, routed)           0.337     0.337    design_1_i/processing_system7_0/inst/FCLK_CLK_unbuffered[0]
    BUFGCTRL_X0Y16       BUFG (Prop_bufg_I_O)         0.029     0.366 r  design_1_i/processing_system7_0/inst/buffer_fclk_clk_0.FCLK_CLK_0_BUFG/O
                         net (fo=5198, routed)        0.822     1.188    design_1_i/axi_smc/inst/s00_nodes/s00_r_node/inst/inst_mi_handler/gen_normal_area.inst_fifo_node_payld/gen_xpm_memory_fifo.inst_fifo/gen_mem_rep[0].inst_xpm_memory/xpm_memory_base_inst/gen_wr_a.gen_word_narrow.mem_reg_0_31_30_35/WCLK
    SLICE_X42Y88         RAMD32                                       r  design_1_i/axi_smc/inst/s00_nodes/s00_r_node/inst/inst_mi_handler/gen_normal_area.inst_fifo_node_payld/gen_xpm_memory_fifo.inst_fifo/gen_mem_rep[0].inst_xpm_memory/xpm_memory_base_inst/gen_wr_a.gen_word_narrow.mem_reg_0_31_30_35/RAMC_D1/CLK
                         clock pessimism             -0.035     1.153    
    SLICE_X42Y88         RAMD32 (Hold_ramd32_CLK_I)
                                                      0.061     1.214    design_1_i/axi_smc/inst/s00_nodes/s00_r_node/inst/inst_mi_handler/gen_normal_area.inst_fifo_node_payld/gen_xpm_memory_fifo.inst_fifo/gen_mem_rep[0].inst_xpm_memory/xpm_memory_base_inst/gen_wr_a.gen_word_narrow.mem_reg_0_31_30_35/RAMC_D1
  -------------------------------------------------------------------
                         required time                         -1.214    
                         arrival time                           1.262    
  -------------------------------------------------------------------
                         slack                                  0.048    





Pulse Width Checks
--------------------------------------------------------------------------------------
Clock Name:         clk_fpga_0
Waveform(ns):       { 0.000 10.000 }
Period(ns):         20.000
Sources:            { design_1_i/processing_system7_0/inst/PS7_i/FCLKCLK[0] }

Check Type        Corner  Lib Pin             Reference Pin  Required(ns)  Actual(ns)  Slack(ns)  Location      Pin
Min Period        n/a     RAMB36E1/CLKARDCLK  n/a            2.944         20.000      17.056     RAMB36_X2Y19  design_1_i/top_0/inst/dmem/mem_reg_0_0/CLKARDCLK
Min Period        n/a     RAMB36E1/CLKBWRCLK  n/a            2.944         20.000      17.056     RAMB36_X2Y19  design_1_i/top_0/inst/dmem/mem_reg_0_0/CLKBWRCLK
Min Period        n/a     RAMB36E1/CLKARDCLK  n/a            2.944         20.000      17.056     RAMB36_X2Y17  design_1_i/top_0/inst/dmem/mem_reg_0_1/CLKARDCLK
Min Period        n/a     RAMB36E1/CLKBWRCLK  n/a            2.944         20.000      17.056     RAMB36_X2Y17  design_1_i/top_0/inst/dmem/mem_reg_0_1/CLKBWRCLK
Min Period        n/a     RAMB36E1/CLKARDCLK  n/a            2.944         20.000      17.056     RAMB36_X3Y14  design_1_i/top_0/inst/dmem/mem_reg_0_2/CLKARDCLK
Min Period        n/a     RAMB36E1/CLKBWRCLK  n/a            2.944         20.000      17.056     RAMB36_X3Y14  design_1_i/top_0/inst/dmem/mem_reg_0_2/CLKBWRCLK
Min Period        n/a     RAMB36E1/CLKARDCLK  n/a            2.944         20.000      17.056     RAMB36_X3Y17  design_1_i/top_0/inst/dmem/mem_reg_0_3/CLKARDCLK
Min Period        n/a     RAMB36E1/CLKBWRCLK  n/a            2.944         20.000      17.056     RAMB36_X3Y17  design_1_i/top_0/inst/dmem/mem_reg_0_3/CLKBWRCLK
Min Period        n/a     RAMB36E1/CLKARDCLK  n/a            2.944         20.000      17.056     RAMB36_X2Y14  design_1_i/top_0/inst/dmem/mem_reg_1_0/CLKARDCLK
Min Period        n/a     RAMB36E1/CLKBWRCLK  n/a            2.944         20.000      17.056     RAMB36_X2Y14  design_1_i/top_0/inst/dmem/mem_reg_1_0/CLKBWRCLK
Low Pulse Width   Slow    RAMD32/CLK          n/a            1.250         10.000      8.750      SLICE_X54Y96  design_1_i/axi_smc/inst/m00_nodes/m00_ar_node/inst/inst_mi_handler/gen_normal_area.inst_fifo_node_payld/gen_xpm_memory_fifo.inst_fifo/gen_mem_rep[0].inst_xpm_memory/xpm_memory_base_inst/gen_wr_a.gen_word_narrow.mem_reg_0_31_102_107/RAMA/CLK
Low Pulse Width   Fast    RAMD32/CLK          n/a            1.250         10.000      8.750      SLICE_X54Y96  design_1_i/axi_smc/inst/m00_nodes/m00_ar_node/inst/inst_mi_handler/gen_normal_area.inst_fifo_node_payld/gen_xpm_memory_fifo.inst_fifo/gen_mem_rep[0].inst_xpm_memory/xpm_memory_base_inst/gen_wr_a.gen_word_narrow.mem_reg_0_31_102_107/RAMA/CLK
Low Pulse Width   Slow    RAMD32/CLK          n/a            1.250         10.000      8.750      SLICE_X54Y96  design_1_i/axi_smc/inst/m00_nodes/m00_ar_node/inst/inst_mi_handler/gen_normal_area.inst_fifo_node_payld/gen_xpm_memory_fifo.inst_fifo/gen_mem_rep[0].inst_xpm_memory/xpm_memory_base_inst/gen_wr_a.gen_word_narrow.mem_reg_0_31_102_107/RAMA_D1/CLK
Low Pulse Width   Fast    RAMD32/CLK          n/a            1.250         10.000      8.750      SLICE_X54Y96  design_1_i/axi_smc/inst/m00_nodes/m00_ar_node/inst/inst_mi_handler/gen_normal_area.inst_fifo_node_payld/gen_xpm_memory_fifo.inst_fifo/gen_mem_rep[0].inst_xpm_memory/xpm_memory_base_inst/gen_wr_a.gen_word_narrow.mem_reg_0_31_102_107/RAMA_D1/CLK
Low Pulse Width   Slow    RAMD32/CLK          n/a            1.250         10.000      8.750      SLICE_X54Y96  design_1_i/axi_smc/inst/m00_nodes/m00_ar_node/inst/inst_mi_handler/gen_normal_area.inst_fifo_node_payld/gen_xpm_memory_fifo.inst_fifo/gen_mem_rep[0].inst_xpm_memory/xpm_memory_base_inst/gen_wr_a.gen_word_narrow.mem_reg_0_31_102_107/RAMB/CLK
Low Pulse Width   Fast    RAMD32/CLK          n/a            1.250         10.000      8.750      SLICE_X54Y96  design_1_i/axi_smc/inst/m00_nodes/m00_ar_node/inst/inst_mi_handler/gen_normal_area.inst_fifo_node_payld/gen_xpm_memory_fifo.inst_fifo/gen_mem_rep[0].inst_xpm_memory/xpm_memory_base_inst/gen_wr_a.gen_word_narrow.mem_reg_0_31_102_107/RAMB/CLK
Low Pulse Width   Slow    RAMD32/CLK          n/a            1.250         10.000      8.750      SLICE_X54Y96  design_1_i/axi_smc/inst/m00_nodes/m00_ar_node/inst/inst_mi_handler/gen_normal_area.inst_fifo_node_payld/gen_xpm_memory_fifo.inst_fifo/gen_mem_rep[0].inst_xpm_memory/xpm_memory_base_inst/gen_wr_a.gen_word_narrow.mem_reg_0_31_102_107/RAMB_D1/CLK
Low Pulse Width   Fast    RAMD32/CLK          n/a            1.250         10.000      8.750      SLICE_X54Y96  design_1_i/axi_smc/inst/m00_nodes/m00_ar_node/inst/inst_mi_handler/gen_normal_area.inst_fifo_node_payld/gen_xpm_memory_fifo.inst_fifo/gen_mem_rep[0].inst_xpm_memory/xpm_memory_base_inst/gen_wr_a.gen_word_narrow.mem_reg_0_31_102_107/RAMB_D1/CLK
Low Pulse Width   Slow    RAMD32/CLK          n/a            1.250         10.000      8.750      SLICE_X54Y96  design_1_i/axi_smc/inst/m00_nodes/m00_ar_node/inst/inst_mi_handler/gen_normal_area.inst_fifo_node_payld/gen_xpm_memory_fifo.inst_fifo/gen_mem_rep[0].inst_xpm_memory/xpm_memory_base_inst/gen_wr_a.gen_word_narrow.mem_reg_0_31_102_107/RAMC/CLK
Low Pulse Width   Fast    RAMD32/CLK          n/a            1.250         10.000      8.750      SLICE_X54Y96  design_1_i/axi_smc/inst/m00_nodes/m00_ar_node/inst/inst_mi_handler/gen_normal_area.inst_fifo_node_payld/gen_xpm_memory_fifo.inst_fifo/gen_mem_rep[0].inst_xpm_memory/xpm_memory_base_inst/gen_wr_a.gen_word_narrow.mem_reg_0_31_102_107/RAMC/CLK
High Pulse Width  Slow    RAMD32/CLK          n/a            1.250         10.000      8.750      SLICE_X54Y96  design_1_i/axi_smc/inst/m00_nodes/m00_ar_node/inst/inst_mi_handler/gen_normal_area.inst_fifo_node_payld/gen_xpm_memory_fifo.inst_fifo/gen_mem_rep[0].inst_xpm_memory/xpm_memory_base_inst/gen_wr_a.gen_word_narrow.mem_reg_0_31_102_107/RAMA/CLK
High Pulse Width  Fast    RAMD32/CLK          n/a            1.250         10.000      8.750      SLICE_X54Y96  design_1_i/axi_smc/inst/m00_nodes/m00_ar_node/inst/inst_mi_handler/gen_normal_area.inst_fifo_node_payld/gen_xpm_memory_fifo.inst_fifo/gen_mem_rep[0].inst_xpm_memory/xpm_memory_base_inst/gen_wr_a.gen_word_narrow.mem_reg_0_31_102_107/RAMA/CLK
High Pulse Width  Slow    RAMD32/CLK          n/a            1.250         10.000      8.750      SLICE_X54Y96  design_1_i/axi_smc/inst/m00_nodes/m00_ar_node/inst/inst_mi_handler/gen_normal_area.inst_fifo_node_payld/gen_xpm_memory_fifo.inst_fifo/gen_mem_rep[0].inst_xpm_memory/xpm_memory_base_inst/gen_wr_a.gen_word_narrow.mem_reg_0_31_102_107/RAMA_D1/CLK
High Pulse Width  Fast    RAMD32/CLK          n/a            1.250         10.000      8.750      SLICE_X54Y96  design_1_i/axi_smc/inst/m00_nodes/m00_ar_node/inst/inst_mi_handler/gen_normal_area.inst_fifo_node_payld/gen_xpm_memory_fifo.inst_fifo/gen_mem_rep[0].inst_xpm_memory/xpm_memory_base_inst/gen_wr_a.gen_word_narrow.mem_reg_0_31_102_107/RAMA_D1/CLK
High Pulse Width  Slow    RAMD32/CLK          n/a            1.250         10.000      8.750      SLICE_X54Y96  design_1_i/axi_smc/inst/m00_nodes/m00_ar_node/inst/inst_mi_handler/gen_normal_area.inst_fifo_node_payld/gen_xpm_memory_fifo.inst_fifo/gen_mem_rep[0].inst_xpm_memory/xpm_memory_base_inst/gen_wr_a.gen_word_narrow.mem_reg_0_31_102_107/RAMB/CLK
High Pulse Width  Fast    RAMD32/CLK          n/a            1.250         10.000      8.750      SLICE_X54Y96  design_1_i/axi_smc/inst/m00_nodes/m00_ar_node/inst/inst_mi_handler/gen_normal_area.inst_fifo_node_payld/gen_xpm_memory_fifo.inst_fifo/gen_mem_rep[0].inst_xpm_memory/xpm_memory_base_inst/gen_wr_a.gen_word_narrow.mem_reg_0_31_102_107/RAMB/CLK
High Pulse Width  Slow    RAMD32/CLK          n/a            1.250         10.000      8.750      SLICE_X54Y96  design_1_i/axi_smc/inst/m00_nodes/m00_ar_node/inst/inst_mi_handler/gen_normal_area.inst_fifo_node_payld/gen_xpm_memory_fifo.inst_fifo/gen_mem_rep[0].inst_xpm_memory/xpm_memory_base_inst/gen_wr_a.gen_word_narrow.mem_reg_0_31_102_107/RAMB_D1/CLK
High Pulse Width  Fast    RAMD32/CLK          n/a            1.250         10.000      8.750      SLICE_X54Y96  design_1_i/axi_smc/inst/m00_nodes/m00_ar_node/inst/inst_mi_handler/gen_normal_area.inst_fifo_node_payld/gen_xpm_memory_fifo.inst_fifo/gen_mem_rep[0].inst_xpm_memory/xpm_memory_base_inst/gen_wr_a.gen_word_narrow.mem_reg_0_31_102_107/RAMB_D1/CLK
High Pulse Width  Slow    RAMD32/CLK          n/a            1.250         10.000      8.750      SLICE_X54Y96  design_1_i/axi_smc/inst/m00_nodes/m00_ar_node/inst/inst_mi_handler/gen_normal_area.inst_fifo_node_payld/gen_xpm_memory_fifo.inst_fifo/gen_mem_rep[0].inst_xpm_memory/xpm_memory_base_inst/gen_wr_a.gen_word_narrow.mem_reg_0_31_102_107/RAMC/CLK
High Pulse Width  Fast    RAMD32/CLK          n/a            1.250         10.000      8.750      SLICE_X54Y96  design_1_i/axi_smc/inst/m00_nodes/m00_ar_node/inst/inst_mi_handler/gen_normal_area.inst_fifo_node_payld/gen_xpm_memory_fifo.inst_fifo/gen_mem_rep[0].inst_xpm_memory/xpm_memory_base_inst/gen_wr_a.gen_word_narrow.mem_reg_0_31_102_107/RAMC/CLK



--------------------------------------------------------------------------------------
Path Group:  (none)
From Clock:  clk_fpga_0
  To Clock:  

Max Delay             4 Endpoints
Min Delay             4 Endpoints
--------------------------------------------------------------------------------------


Max Delay Paths
--------------------------------------------------------------------------------------
Slack:                    inf
  Source:                 design_1_i/top_0/inst/led_reg_reg[2]/C
                            (rising edge-triggered cell FDRE clocked by clk_fpga_0  {rise@0.000ns fall@10.000ns period=20.000ns})
  Destination:            led_0[2]
                            (output port)
  Path Group:             (none)
  Path Type:              Max at Slow Process Corner
  Data Path Delay:        8.320ns  (logic 4.028ns (48.417%)  route 4.292ns (51.583%))
  Logic Levels:           1  (OBUF=1)
  Clock Uncertainty:      0.301ns  ((TSJ^2 + TIJ^2)^1/2 + DJ) / 2 + PE
    Total System Jitter     (TSJ):    0.050ns
    Total Input Jitter      (TIJ):    0.600ns
    Discrete Jitter          (DJ):    0.000ns
    Phase Error              (PE):    0.000ns
  Timing Exception:       False Path

    Location             Delay type                Incr(ns)  Path(ns)    Netlist Resource(s)
  -------------------------------------------------------------------    -------------------
                         (clock clk_fpga_0 rise edge)
                                                      0.000     0.000 r  
    PS7_X0Y0             PS7                          0.000     0.000 r  design_1_i/processing_system7_0/inst/PS7_i/FCLKCLK[0]
                         net (fo=1, routed)           1.193     1.193    design_1_i/processing_system7_0/inst/FCLK_CLK_unbuffered[0]
    BUFGCTRL_X0Y16       BUFG (Prop_bufg_I_O)         0.101     1.294 r  design_1_i/processing_system7_0/inst/buffer_fclk_clk_0.FCLK_CLK_0_BUFG/O
                         net (fo=5198, routed)        1.648     2.942    design_1_i/top_0/inst/clk
    SLICE_X40Y88         FDRE                                         r  design_1_i/top_0/inst/led_reg_reg[2]/C
  -------------------------------------------------------------------    -------------------
    SLICE_X40Y88         FDRE (Prop_fdre_C_Q)         0.456     3.398 r  design_1_i/top_0/inst/led_reg_reg[2]/Q
                         net (fo=1, routed)           4.292     7.690    led_0_OBUF[2]
    N16                  OBUF (Prop_obuf_I_O)         3.572    11.262 r  led_0_OBUF[2]_inst/O
                         net (fo=0)                   0.000    11.262    led_0[2]
    N16                                                               r  led_0[2] (OUT)
  -------------------------------------------------------------------    -------------------

Slack:                    inf
  Source:                 design_1_i/top_0/inst/led_reg_reg[1]/C
                            (rising edge-triggered cell FDRE clocked by clk_fpga_0  {rise@0.000ns fall@10.000ns period=20.000ns})
  Destination:            led_0[1]
                            (output port)
  Path Group:             (none)
  Path Type:              Max at Slow Process Corner
  Data Path Delay:        7.774ns  (logic 4.013ns (51.627%)  route 3.760ns (48.373%))
  Logic Levels:           1  (OBUF=1)
  Clock Uncertainty:      0.301ns  ((TSJ^2 + TIJ^2)^1/2 + DJ) / 2 + PE
    Total System Jitter     (TSJ):    0.050ns
    Total Input Jitter      (TIJ):    0.600ns
    Discrete Jitter          (DJ):    0.000ns
    Phase Error              (PE):    0.000ns
  Timing Exception:       False Path

    Location             Delay type                Incr(ns)  Path(ns)    Netlist Resource(s)
  -------------------------------------------------------------------    -------------------
                         (clock clk_fpga_0 rise edge)
                                                      0.000     0.000 r  
    PS7_X0Y0             PS7                          0.000     0.000 r  design_1_i/processing_system7_0/inst/PS7_i/FCLKCLK[0]
                         net (fo=1, routed)           1.193     1.193    design_1_i/processing_system7_0/inst/FCLK_CLK_unbuffered[0]
    BUFGCTRL_X0Y16       BUFG (Prop_bufg_I_O)         0.101     1.294 r  design_1_i/processing_system7_0/inst/buffer_fclk_clk_0.FCLK_CLK_0_BUFG/O
                         net (fo=5198, routed)        1.648     2.942    design_1_i/top_0/inst/clk
    SLICE_X40Y88         FDRE                                         r  design_1_i/top_0/inst/led_reg_reg[1]/C
  -------------------------------------------------------------------    -------------------
    SLICE_X40Y88         FDRE (Prop_fdre_C_Q)         0.456     3.398 r  design_1_i/top_0/inst/led_reg_reg[1]/Q
                         net (fo=1, routed)           3.760     7.158    led_0_OBUF[1]
    P14                  OBUF (Prop_obuf_I_O)         3.557    10.716 r  led_0_OBUF[1]_inst/O
                         net (fo=0)                   0.000    10.716    led_0[1]
    P14                                                               r  led_0[1] (OUT)
  -------------------------------------------------------------------    -------------------

Slack:                    inf
  Source:                 design_1_i/top_0/inst/led_reg_reg[0]/C
                            (rising edge-triggered cell FDRE clocked by clk_fpga_0  {rise@0.000ns fall@10.000ns period=20.000ns})
  Destination:            led_0[0]
                            (output port)
  Path Group:             (none)
  Path Type:              Max at Slow Process Corner
  Data Path Delay:        7.764ns  (logic 3.986ns (51.336%)  route 3.778ns (48.664%))
  Logic Levels:           1  (OBUF=1)
  Clock Uncertainty:      0.301ns  ((TSJ^2 + TIJ^2)^1/2 + DJ) / 2 + PE
    Total System Jitter     (TSJ):    0.050ns
    Total Input Jitter      (TIJ):    0.600ns
    Discrete Jitter          (DJ):    0.000ns
    Phase Error              (PE):    0.000ns
  Timing Exception:       False Path

    Location             Delay type                Incr(ns)  Path(ns)    Netlist Resource(s)
  -------------------------------------------------------------------    -------------------
                         (clock clk_fpga_0 rise edge)
                                                      0.000     0.000 r  
    PS7_X0Y0             PS7                          0.000     0.000 r  design_1_i/processing_system7_0/inst/PS7_i/FCLKCLK[0]
                         net (fo=1, routed)           1.193     1.193    design_1_i/processing_system7_0/inst/FCLK_CLK_unbuffered[0]
    BUFGCTRL_X0Y16       BUFG (Prop_bufg_I_O)         0.101     1.294 r  design_1_i/processing_system7_0/inst/buffer_fclk_clk_0.FCLK_CLK_0_BUFG/O
                         net (fo=5198, routed)        1.648     2.942    design_1_i/top_0/inst/clk
    SLICE_X40Y88         FDRE                                         r  design_1_i/top_0/inst/led_reg_reg[0]/C
  -------------------------------------------------------------------    -------------------
    SLICE_X40Y88         FDRE (Prop_fdre_C_Q)         0.456     3.398 r  design_1_i/top_0/inst/led_reg_reg[0]/Q
                         net (fo=1, routed)           3.778     7.176    led_0_OBUF[0]
    R14                  OBUF (Prop_obuf_I_O)         3.530    10.706 r  led_0_OBUF[0]_inst/O
                         net (fo=0)                   0.000    10.706    led_0[0]
    R14                                                               r  led_0[0] (OUT)
  -------------------------------------------------------------------    -------------------

Slack:                    inf
  Source:                 design_1_i/top_0/inst/led_reg_reg[3]/C
                            (rising edge-triggered cell FDRE clocked by clk_fpga_0  {rise@0.000ns fall@10.000ns period=20.000ns})
  Destination:            led_0[3]
                            (output port)
  Path Group:             (none)
  Path Type:              Max at Slow Process Corner
  Data Path Delay:        7.446ns  (logic 4.037ns (54.213%)  route 3.409ns (45.787%))
  Logic Levels:           1  (OBUF=1)
  Clock Uncertainty:      0.301ns  ((TSJ^2 + TIJ^2)^1/2 + DJ) / 2 + PE
    Total System Jitter     (TSJ):    0.050ns
    Total Input Jitter      (TIJ):    0.600ns
    Discrete Jitter          (DJ):    0.000ns
    Phase Error              (PE):    0.000ns
  Timing Exception:       False Path

    Location             Delay type                Incr(ns)  Path(ns)    Netlist Resource(s)
  -------------------------------------------------------------------    -------------------
                         (clock clk_fpga_0 rise edge)
                                                      0.000     0.000 r  
    PS7_X0Y0             PS7                          0.000     0.000 r  design_1_i/processing_system7_0/inst/PS7_i/FCLKCLK[0]
                         net (fo=1, routed)           1.193     1.193    design_1_i/processing_system7_0/inst/FCLK_CLK_unbuffered[0]
    BUFGCTRL_X0Y16       BUFG (Prop_bufg_I_O)         0.101     1.294 r  design_1_i/processing_system7_0/inst/buffer_fclk_clk_0.FCLK_CLK_0_BUFG/O
                         net (fo=5198, routed)        1.648     2.942    design_1_i/top_0/inst/clk
    SLICE_X40Y88         FDRE                                         r  design_1_i/top_0/inst/led_reg_reg[3]/C
  -------------------------------------------------------------------    -------------------
    SLICE_X40Y88         FDRE (Prop_fdre_C_Q)         0.456     3.398 r  design_1_i/top_0/inst/led_reg_reg[3]/Q
                         net (fo=1, routed)           3.409     6.807    led_0_OBUF[3]
    M14                  OBUF (Prop_obuf_I_O)         3.581    10.388 r  led_0_OBUF[3]_inst/O
                         net (fo=0)                   0.000    10.388    led_0[3]
    M14                                                               r  led_0[3] (OUT)
  -------------------------------------------------------------------    -------------------





Min Delay Paths
--------------------------------------------------------------------------------------
Slack:                    inf
  Source:                 design_1_i/top_0/inst/led_reg_reg[3]/C
                            (rising edge-triggered cell FDRE clocked by clk_fpga_0  {rise@0.000ns fall@10.000ns period=20.000ns})
  Destination:            led_0[3]
                            (output port)
  Path Group:             (none)
  Path Type:              Min at Fast Process Corner
  Data Path Delay:        2.575ns  (logic 1.422ns (55.241%)  route 1.152ns (44.759%))
  Logic Levels:           1  (OBUF=1)
  Clock Uncertainty:      0.301ns  ((TSJ^2 + TIJ^2)^1/2 + DJ) / 2 + PE
    Total System Jitter     (TSJ):    0.050ns
    Total Input Jitter      (TIJ):    0.600ns
    Discrete Jitter          (DJ):    0.000ns
    Phase Error              (PE):    0.000ns
  Timing Exception:       False Path

    Location             Delay type                Incr(ns)  Path(ns)    Netlist Resource(s)
  -------------------------------------------------------------------    -------------------
                         (clock clk_fpga_0 rise edge)
                                                      0.000     0.000 r  
    PS7_X0Y0             PS7                          0.000     0.000 r  design_1_i/processing_system7_0/inst/PS7_i/FCLKCLK[0]
                         net (fo=1, routed)           0.310     0.310    design_1_i/processing_system7_0/inst/FCLK_CLK_unbuffered[0]
    BUFGCTRL_X0Y16       BUFG (Prop_bufg_I_O)         0.026     0.336 r  design_1_i/processing_system7_0/inst/buffer_fclk_clk_0.FCLK_CLK_0_BUFG/O
                         net (fo=5198, routed)        0.554     0.890    design_1_i/top_0/inst/clk
    SLICE_X40Y88         FDRE                                         r  design_1_i/top_0/inst/led_reg_reg[3]/C
  -------------------------------------------------------------------    -------------------
    SLICE_X40Y88         FDRE (Prop_fdre_C_Q)         0.141     1.031 r  design_1_i/top_0/inst/led_reg_reg[3]/Q
                         net (fo=1, routed)           1.152     2.183    led_0_OBUF[3]
    M14                  OBUF (Prop_obuf_I_O)         1.281     3.464 r  led_0_OBUF[3]_inst/O
                         net (fo=0)                   0.000     3.464    led_0[3]
    M14                                                               r  led_0[3] (OUT)
  -------------------------------------------------------------------    -------------------

Slack:                    inf
  Source:                 design_1_i/top_0/inst/led_reg_reg[0]/C
                            (rising edge-triggered cell FDRE clocked by clk_fpga_0  {rise@0.000ns fall@10.000ns period=20.000ns})
  Destination:            led_0[0]
                            (output port)
  Path Group:             (none)
  Path Type:              Min at Fast Process Corner
  Data Path Delay:        2.740ns  (logic 1.372ns (50.060%)  route 1.368ns (49.940%))
  Logic Levels:           1  (OBUF=1)
  Clock Uncertainty:      0.301ns  ((TSJ^2 + TIJ^2)^1/2 + DJ) / 2 + PE
    Total System Jitter     (TSJ):    0.050ns
    Total Input Jitter      (TIJ):    0.600ns
    Discrete Jitter          (DJ):    0.000ns
    Phase Error              (PE):    0.000ns
  Timing Exception:       False Path

    Location             Delay type                Incr(ns)  Path(ns)    Netlist Resource(s)
  -------------------------------------------------------------------    -------------------
                         (clock clk_fpga_0 rise edge)
                                                      0.000     0.000 r  
    PS7_X0Y0             PS7                          0.000     0.000 r  design_1_i/processing_system7_0/inst/PS7_i/FCLKCLK[0]
                         net (fo=1, routed)           0.310     0.310    design_1_i/processing_system7_0/inst/FCLK_CLK_unbuffered[0]
    BUFGCTRL_X0Y16       BUFG (Prop_bufg_I_O)         0.026     0.336 r  design_1_i/processing_system7_0/inst/buffer_fclk_clk_0.FCLK_CLK_0_BUFG/O
                         net (fo=5198, routed)        0.554     0.890    design_1_i/top_0/inst/clk
    SLICE_X40Y88         FDRE                                         r  design_1_i/top_0/inst/led_reg_reg[0]/C
  -------------------------------------------------------------------    -------------------
    SLICE_X40Y88         FDRE (Prop_fdre_C_Q)         0.141     1.031 r  design_1_i/top_0/inst/led_reg_reg[0]/Q
                         net (fo=1, routed)           1.368     2.399    led_0_OBUF[0]
    R14                  OBUF (Prop_obuf_I_O)         1.231     3.630 r  led_0_OBUF[0]_inst/O
                         net (fo=0)                   0.000     3.630    led_0[0]
    R14                                                               r  led_0[0] (OUT)
  -------------------------------------------------------------------    -------------------

Slack:                    inf
  Source:                 design_1_i/top_0/inst/led_reg_reg[1]/C
                            (rising edge-triggered cell FDRE clocked by clk_fpga_0  {rise@0.000ns fall@10.000ns period=20.000ns})
  Destination:            led_0[1]
                            (output port)
  Path Group:             (none)
  Path Type:              Min at Fast Process Corner
  Data Path Delay:        2.767ns  (logic 1.399ns (50.553%)  route 1.368ns (49.447%))
  Logic Levels:           1  (OBUF=1)
  Clock Uncertainty:      0.301ns  ((TSJ^2 + TIJ^2)^1/2 + DJ) / 2 + PE
    Total System Jitter     (TSJ):    0.050ns
    Total Input Jitter      (TIJ):    0.600ns
    Discrete Jitter          (DJ):    0.000ns
    Phase Error              (PE):    0.000ns
  Timing Exception:       False Path

    Location             Delay type                Incr(ns)  Path(ns)    Netlist Resource(s)
  -------------------------------------------------------------------    -------------------
                         (clock clk_fpga_0 rise edge)
                                                      0.000     0.000 r  
    PS7_X0Y0             PS7                          0.000     0.000 r  design_1_i/processing_system7_0/inst/PS7_i/FCLKCLK[0]
                         net (fo=1, routed)           0.310     0.310    design_1_i/processing_system7_0/inst/FCLK_CLK_unbuffered[0]
    BUFGCTRL_X0Y16       BUFG (Prop_bufg_I_O)         0.026     0.336 r  design_1_i/processing_system7_0/inst/buffer_fclk_clk_0.FCLK_CLK_0_BUFG/O
                         net (fo=5198, routed)        0.554     0.890    design_1_i/top_0/inst/clk
    SLICE_X40Y88         FDRE                                         r  design_1_i/top_0/inst/led_reg_reg[1]/C
  -------------------------------------------------------------------    -------------------
    SLICE_X40Y88         FDRE (Prop_fdre_C_Q)         0.141     1.031 r  design_1_i/top_0/inst/led_reg_reg[1]/Q
                         net (fo=1, routed)           1.368     2.399    led_0_OBUF[1]
    P14                  OBUF (Prop_obuf_I_O)         1.258     3.657 r  led_0_OBUF[1]_inst/O
                         net (fo=0)                   0.000     3.657    led_0[1]
    P14                                                               r  led_0[1] (OUT)
  -------------------------------------------------------------------    -------------------

Slack:                    inf
  Source:                 design_1_i/top_0/inst/led_reg_reg[2]/C
                            (rising edge-triggered cell FDRE clocked by clk_fpga_0  {rise@0.000ns fall@10.000ns period=20.000ns})
  Destination:            led_0[2]
                            (output port)
  Path Group:             (none)
  Path Type:              Min at Fast Process Corner
  Data Path Delay:        2.976ns  (logic 1.414ns (47.515%)  route 1.562ns (52.485%))
  Logic Levels:           1  (OBUF=1)
  Clock Uncertainty:      0.301ns  ((TSJ^2 + TIJ^2)^1/2 + DJ) / 2 + PE
    Total System Jitter     (TSJ):    0.050ns
    Total Input Jitter      (TIJ):    0.600ns
    Discrete Jitter          (DJ):    0.000ns
    Phase Error              (PE):    0.000ns
  Timing Exception:       False Path

    Location             Delay type                Incr(ns)  Path(ns)    Netlist Resource(s)
  -------------------------------------------------------------------    -------------------
                         (clock clk_fpga_0 rise edge)
                                                      0.000     0.000 r  
    PS7_X0Y0             PS7                          0.000     0.000 r  design_1_i/processing_system7_0/inst/PS7_i/FCLKCLK[0]
                         net (fo=1, routed)           0.310     0.310    design_1_i/processing_system7_0/inst/FCLK_CLK_unbuffered[0]
    BUFGCTRL_X0Y16       BUFG (Prop_bufg_I_O)         0.026     0.336 r  design_1_i/processing_system7_0/inst/buffer_fclk_clk_0.FCLK_CLK_0_BUFG/O
                         net (fo=5198, routed)        0.554     0.890    design_1_i/top_0/inst/clk
    SLICE_X40Y88         FDRE                                         r  design_1_i/top_0/inst/led_reg_reg[2]/C
  -------------------------------------------------------------------    -------------------
    SLICE_X40Y88         FDRE (Prop_fdre_C_Q)         0.141     1.031 r  design_1_i/top_0/inst/led_reg_reg[2]/Q
                         net (fo=1, routed)           1.562     2.592    led_0_OBUF[2]
    N16                  OBUF (Prop_obuf_I_O)         1.273     3.865 r  led_0_OBUF[2]_inst/O
                         net (fo=0)                   0.000     3.865    led_0[2]
    N16                                                               r  led_0[2] (OUT)
  -------------------------------------------------------------------    -------------------





--------------------------------------------------------------------------------------
Path Group:  (none)
From Clock:  
  To Clock:  clk_fpga_0

Max Delay             1 Endpoint
Min Delay             1 Endpoint
--------------------------------------------------------------------------------------


Max Delay Paths
--------------------------------------------------------------------------------------
Slack:                    inf
  Source:                 design_1_i/processing_system7_0/inst/PS7_i/FCLKRESETN[0]
                            (internal pin)
  Destination:            design_1_i/rst_ps7_0_100M/U0/EXT_LPF/ACTIVE_LOW_EXT.ACT_LO_EXT/syncstages_ff_reg[0]/D
                            (rising edge-triggered cell FDRE clocked by clk_fpga_0  {rise@0.000ns fall@10.000ns period=20.000ns})
  Path Group:             (none)
  Path Type:              Setup (Max at Slow Process Corner)
  Data Path Delay:        3.037ns  (logic 0.124ns (4.082%)  route 2.913ns (95.918%))
  Logic Levels:           1  (LUT1=1)
  Clock Uncertainty:      0.301ns  ((TSJ^2 + TIJ^2)^1/2 + DJ) / 2 + PE
    Total System Jitter     (TSJ):    0.050ns
    Total Input Jitter      (TIJ):    0.600ns
    Discrete Jitter          (DJ):    0.000ns
    Phase Error              (PE):    0.000ns
  Timing Exception:       False Path

    Location             Delay type                Incr(ns)  Path(ns)    Netlist Resource(s)
  -------------------------------------------------------------------    -------------------
    PS7_X0Y0             PS7                          0.000     0.000 f  design_1_i/processing_system7_0/inst/PS7_i/FCLKRESETN[0]
                         net (fo=1, routed)           2.913     2.913    design_1_i/rst_ps7_0_100M/U0/EXT_LPF/ext_reset_in
    SLICE_X61Y119        LUT1 (Prop_lut1_I0_O)        0.124     3.037 r  design_1_i/rst_ps7_0_100M/U0/EXT_LPF/ACTIVE_LOW_EXT.ACT_LO_EXT_i_1/O
                         net (fo=1, routed)           0.000     3.037    design_1_i/rst_ps7_0_100M/U0/EXT_LPF/ACTIVE_LOW_EXT.ACT_LO_EXT/src_in
    SLICE_X61Y119        FDRE                                         r  design_1_i/rst_ps7_0_100M/U0/EXT_LPF/ACTIVE_LOW_EXT.ACT_LO_EXT/syncstages_ff_reg[0]/D
  -------------------------------------------------------------------    -------------------

                         (clock clk_fpga_0 rise edge)
                                                      0.000     0.000 r  
    PS7_X0Y0             PS7                          0.000     0.000 r  design_1_i/processing_system7_0/inst/PS7_i/FCLKCLK[0]
                         net (fo=1, routed)           1.088     1.088    design_1_i/processing_system7_0/inst/FCLK_CLK_unbuffered[0]
    BUFGCTRL_X0Y16       BUFG (Prop_bufg_I_O)         0.091     1.179 r  design_1_i/processing_system7_0/inst/buffer_fclk_clk_0.FCLK_CLK_0_BUFG/O
                         net (fo=5198, routed)        1.703     2.882    design_1_i/rst_ps7_0_100M/U0/EXT_LPF/ACTIVE_LOW_EXT.ACT_LO_EXT/dest_clk
    SLICE_X61Y119        FDRE                                         r  design_1_i/rst_ps7_0_100M/U0/EXT_LPF/ACTIVE_LOW_EXT.ACT_LO_EXT/syncstages_ff_reg[0]/C





Min Delay Paths
--------------------------------------------------------------------------------------
Slack:                    inf
  Source:                 design_1_i/processing_system7_0/inst/PS7_i/FCLKRESETN[0]
                            (internal pin)
  Destination:            design_1_i/rst_ps7_0_100M/U0/EXT_LPF/ACTIVE_LOW_EXT.ACT_LO_EXT/syncstages_ff_reg[0]/D
                            (rising edge-triggered cell FDRE clocked by clk_fpga_0  {rise@0.000ns fall@10.000ns period=20.000ns})
  Path Group:             (none)
  Path Type:              Hold (Min at Fast Process Corner)
  Data Path Delay:        1.291ns  (logic 0.045ns (3.484%)  route 1.246ns (96.516%))
  Logic Levels:           1  (LUT1=1)
  Clock Uncertainty:      0.301ns  ((TSJ^2 + TIJ^2)^1/2 + DJ) / 2 + PE
    Total System Jitter     (TSJ):    0.050ns
    Total Input Jitter      (TIJ):    0.600ns
    Discrete Jitter          (DJ):    0.000ns
    Phase Error              (PE):    0.000ns
  Timing Exception:       False Path

    Location             Delay type                Incr(ns)  Path(ns)    Netlist Resource(s)
  -------------------------------------------------------------------    -------------------
    PS7_X0Y0             PS7                          0.000     0.000 f  design_1_i/processing_system7_0/inst/PS7_i/FCLKRESETN[0]
                         net (fo=1, routed)           1.246     1.246    design_1_i/rst_ps7_0_100M/U0/EXT_LPF/ext_reset_in
    SLICE_X61Y119        LUT1 (Prop_lut1_I0_O)        0.045     1.291 r  design_1_i/rst_ps7_0_100M/U0/EXT_LPF/ACTIVE_LOW_EXT.ACT_LO_EXT_i_1/O
                         net (fo=1, routed)           0.000     1.291    design_1_i/rst_ps7_0_100M/U0/EXT_LPF/ACTIVE_LOW_EXT.ACT_LO_EXT/src_in
    SLICE_X61Y119        FDRE                                         r  design_1_i/rst_ps7_0_100M/U0/EXT_LPF/ACTIVE_LOW_EXT.ACT_LO_EXT/syncstages_ff_reg[0]/D
  -------------------------------------------------------------------    -------------------

                         (clock clk_fpga_0 rise edge)
                                                      0.000     0.000 r  
    PS7_X0Y0             PS7                          0.000     0.000 r  design_1_i/processing_system7_0/inst/PS7_i/FCLKCLK[0]
                         net (fo=1, routed)           0.337     0.337    design_1_i/processing_system7_0/inst/FCLK_CLK_unbuffered[0]
    BUFGCTRL_X0Y16       BUFG (Prop_bufg_I_O)         0.029     0.366 r  design_1_i/processing_system7_0/inst/buffer_fclk_clk_0.FCLK_CLK_0_BUFG/O
                         net (fo=5198, routed)        0.924     1.290    design_1_i/rst_ps7_0_100M/U0/EXT_LPF/ACTIVE_LOW_EXT.ACT_LO_EXT/dest_clk
    SLICE_X61Y119        FDRE                                         r  design_1_i/rst_ps7_0_100M/U0/EXT_LPF/ACTIVE_LOW_EXT.ACT_LO_EXT/syncstages_ff_reg[0]/C





--------------------------------------------------------------------------------------
Path Group:  (none)
From Clock:  clk_fpga_0
  To Clock:  clk_fpga_0

Max Delay            61 Endpoints
Min Delay            61 Endpoints
--------------------------------------------------------------------------------------


Max Delay Paths
--------------------------------------------------------------------------------------
Slack:                    inf
  Source:                 design_1_i/axi_smc/inst/clk_map/psr_aclk/U0/ACTIVE_LOW_BSR_OUT_DFF[0].FDRE_BSR_N/C
                            (rising edge-triggered cell FDRE clocked by clk_fpga_0  {rise@0.000ns fall@10.000ns period=20.000ns})
  Destination:            design_1_i/axi_smc/inst/s00_nodes/s00_b_node/inst/s_sc_xpm_cdc_async_rst_inst/arststages_ff_reg[0]/CLR
                            (recovery check against rising-edge clock clk_fpga_0  {rise@0.000ns fall@10.000ns period=20.000ns})
  Path Group:             (none)
  Path Type:              Recovery (Max at Slow Process Corner)
  Data Path Delay:        4.616ns  (logic 0.610ns (13.214%)  route 4.006ns (86.786%))
  Logic Levels:           1  (LUT1=1)
  Clock Path Skew:        -0.296ns (DCD - SCD + CPR)
    Destination Clock Delay (DCD):    2.891ns
    Source Clock Delay      (SCD):    3.187ns
    Clock Pessimism Removal (CPR):    0.000ns
  Clock Uncertainty:      0.302ns  ((TSJ^2 + TIJ^2)^1/2 + DJ) / 2 + PE
    Total System Jitter     (TSJ):    0.071ns
    Total Input Jitter      (TIJ):    0.600ns
    Discrete Jitter          (DJ):    0.000ns
    Phase Error              (PE):    0.000ns
  Timing Exception:       False Path

    Location             Delay type                Incr(ns)  Path(ns)    Netlist Resource(s)
  -------------------------------------------------------------------    -------------------
                         (clock clk_fpga_0 rise edge)
                                                      0.000     0.000 r  
    PS7_X0Y0             PS7                          0.000     0.000 r  design_1_i/processing_system7_0/inst/PS7_i/FCLKCLK[0]
                         net (fo=1, routed)           1.193     1.193    design_1_i/processing_system7_0/inst/FCLK_CLK_unbuffered[0]
    BUFGCTRL_X0Y16       BUFG (Prop_bufg_I_O)         0.101     1.294 r  design_1_i/processing_system7_0/inst/buffer_fclk_clk_0.FCLK_CLK_0_BUFG/O
                         net (fo=5198, routed)        1.893     3.187    design_1_i/axi_smc/inst/clk_map/psr_aclk/U0/aclk
    SLICE_X56Y118        FDRE                                         r  design_1_i/axi_smc/inst/clk_map/psr_aclk/U0/ACTIVE_LOW_BSR_OUT_DFF[0].FDRE_BSR_N/C
  -------------------------------------------------------------------    -------------------
    SLICE_X56Y118        FDRE (Prop_fdre_C_Q)         0.456     3.643 r  design_1_i/axi_smc/inst/clk_map/psr_aclk/U0/ACTIVE_LOW_BSR_OUT_DFF[0].FDRE_BSR_N/Q
                         net (fo=20, routed)          3.434     7.077    design_1_i/axi_smc/inst/s00_nodes/s00_b_node/inst/s_sc_xpm_cdc_async_rst_inst/src_arst
    SLICE_X67Y111        LUT1 (Prop_lut1_I0_O)        0.154     7.231 f  design_1_i/axi_smc/inst/s00_nodes/s00_b_node/inst/s_sc_xpm_cdc_async_rst_inst/arststages_ff[2]_i_1/O
                         net (fo=3, routed)           0.573     7.803    design_1_i/axi_smc/inst/s00_nodes/s00_b_node/inst/s_sc_xpm_cdc_async_rst_inst/reset_pol
    SLICE_X67Y111        FDCE                                         f  design_1_i/axi_smc/inst/s00_nodes/s00_b_node/inst/s_sc_xpm_cdc_async_rst_inst/arststages_ff_reg[0]/CLR
  -------------------------------------------------------------------    -------------------

                         (clock clk_fpga_0 rise edge)
                                                      0.000     0.000 r  
    PS7_X0Y0             PS7                          0.000     0.000 r  design_1_i/processing_system7_0/inst/PS7_i/FCLKCLK[0]
                         net (fo=1, routed)           1.088     1.088    design_1_i/processing_system7_0/inst/FCLK_CLK_unbuffered[0]
    BUFGCTRL_X0Y16       BUFG (Prop_bufg_I_O)         0.091     1.179 r  design_1_i/processing_system7_0/inst/buffer_fclk_clk_0.FCLK_CLK_0_BUFG/O
                         net (fo=5198, routed)        1.712     2.891    design_1_i/axi_smc/inst/s00_nodes/s00_b_node/inst/s_sc_xpm_cdc_async_rst_inst/dest_clk
    SLICE_X67Y111        FDCE                                         r  design_1_i/axi_smc/inst/s00_nodes/s00_b_node/inst/s_sc_xpm_cdc_async_rst_inst/arststages_ff_reg[0]/C

Slack:                    inf
  Source:                 design_1_i/axi_smc/inst/clk_map/psr_aclk/U0/ACTIVE_LOW_BSR_OUT_DFF[0].FDRE_BSR_N/C
                            (rising edge-triggered cell FDRE clocked by clk_fpga_0  {rise@0.000ns fall@10.000ns period=20.000ns})
  Destination:            design_1_i/axi_smc/inst/s00_nodes/s00_b_node/inst/s_sc_xpm_cdc_async_rst_inst/arststages_ff_reg[1]/CLR
                            (recovery check against rising-edge clock clk_fpga_0  {rise@0.000ns fall@10.000ns period=20.000ns})
  Path Group:             (none)
  Path Type:              Recovery (Max at Slow Process Corner)
  Data Path Delay:        4.616ns  (logic 0.610ns (13.214%)  route 4.006ns (86.786%))
  Logic Levels:           1  (LUT1=1)
  Clock Path Skew:        -0.296ns (DCD - SCD + CPR)
    Destination Clock Delay (DCD):    2.891ns
    Source Clock Delay      (SCD):    3.187ns
    Clock Pessimism Removal (CPR):    0.000ns
  Clock Uncertainty:      0.302ns  ((TSJ^2 + TIJ^2)^1/2 + DJ) / 2 + PE
    Total System Jitter     (TSJ):    0.071ns
    Total Input Jitter      (TIJ):    0.600ns
    Discrete Jitter          (DJ):    0.000ns
    Phase Error              (PE):    0.000ns
  Timing Exception:       False Path

    Location             Delay type                Incr(ns)  Path(ns)    Netlist Resource(s)
  -------------------------------------------------------------------    -------------------
                         (clock clk_fpga_0 rise edge)
                                                      0.000     0.000 r  
    PS7_X0Y0             PS7                          0.000     0.000 r  design_1_i/processing_system7_0/inst/PS7_i/FCLKCLK[0]
                         net (fo=1, routed)           1.193     1.193    design_1_i/processing_system7_0/inst/FCLK_CLK_unbuffered[0]
    BUFGCTRL_X0Y16       BUFG (Prop_bufg_I_O)         0.101     1.294 r  design_1_i/processing_system7_0/inst/buffer_fclk_clk_0.FCLK_CLK_0_BUFG/O
                         net (fo=5198, routed)        1.893     3.187    design_1_i/axi_smc/inst/clk_map/psr_aclk/U0/aclk
    SLICE_X56Y118        FDRE                                         r  design_1_i/axi_smc/inst/clk_map/psr_aclk/U0/ACTIVE_LOW_BSR_OUT_DFF[0].FDRE_BSR_N/C
  -------------------------------------------------------------------    -------------------
    SLICE_X56Y118        FDRE (Prop_fdre_C_Q)         0.456     3.643 r  design_1_i/axi_smc/inst/clk_map/psr_aclk/U0/ACTIVE_LOW_BSR_OUT_DFF[0].FDRE_BSR_N/Q
                         net (fo=20, routed)          3.434     7.077    design_1_i/axi_smc/inst/s00_nodes/s00_b_node/inst/s_sc_xpm_cdc_async_rst_inst/src_arst
    SLICE_X67Y111        LUT1 (Prop_lut1_I0_O)        0.154     7.231 f  design_1_i/axi_smc/inst/s00_nodes/s00_b_node/inst/s_sc_xpm_cdc_async_rst_inst/arststages_ff[2]_i_1/O
                         net (fo=3, routed)           0.573     7.803    design_1_i/axi_smc/inst/s00_nodes/s00_b_node/inst/s_sc_xpm_cdc_async_rst_inst/reset_pol
    SLICE_X67Y111        FDCE                                         f  design_1_i/axi_smc/inst/s00_nodes/s00_b_node/inst/s_sc_xpm_cdc_async_rst_inst/arststages_ff_reg[1]/CLR
  -------------------------------------------------------------------    -------------------

                         (clock clk_fpga_0 rise edge)
                                                      0.000     0.000 r  
    PS7_X0Y0             PS7                          0.000     0.000 r  design_1_i/processing_system7_0/inst/PS7_i/FCLKCLK[0]
                         net (fo=1, routed)           1.088     1.088    design_1_i/processing_system7_0/inst/FCLK_CLK_unbuffered[0]
    BUFGCTRL_X0Y16       BUFG (Prop_bufg_I_O)         0.091     1.179 r  design_1_i/processing_system7_0/inst/buffer_fclk_clk_0.FCLK_CLK_0_BUFG/O
                         net (fo=5198, routed)        1.712     2.891    design_1_i/axi_smc/inst/s00_nodes/s00_b_node/inst/s_sc_xpm_cdc_async_rst_inst/dest_clk
    SLICE_X67Y111        FDCE                                         r  design_1_i/axi_smc/inst/s00_nodes/s00_b_node/inst/s_sc_xpm_cdc_async_rst_inst/arststages_ff_reg[1]/C

Slack:                    inf
  Source:                 design_1_i/axi_smc/inst/clk_map/psr_aclk/U0/ACTIVE_LOW_BSR_OUT_DFF[0].FDRE_BSR_N/C
                            (rising edge-triggered cell FDRE clocked by clk_fpga_0  {rise@0.000ns fall@10.000ns period=20.000ns})
  Destination:            design_1_i/axi_smc/inst/s00_nodes/s00_b_node/inst/s_sc_xpm_cdc_async_rst_inst/arststages_ff_reg[2]/CLR
                            (recovery check against rising-edge clock clk_fpga_0  {rise@0.000ns fall@10.000ns period=20.000ns})
  Path Group:             (none)
  Path Type:              Recovery (Max at Slow Process Corner)
  Data Path Delay:        4.616ns  (logic 0.610ns (13.214%)  route 4.006ns (86.786%))
  Logic Levels:           1  (LUT1=1)
  Clock Path Skew:        -0.296ns (DCD - SCD + CPR)
    Destination Clock Delay (DCD):    2.891ns
    Source Clock Delay      (SCD):    3.187ns
    Clock Pessimism Removal (CPR):    0.000ns
  Clock Uncertainty:      0.302ns  ((TSJ^2 + TIJ^2)^1/2 + DJ) / 2 + PE
    Total System Jitter     (TSJ):    0.071ns
    Total Input Jitter      (TIJ):    0.600ns
    Discrete Jitter          (DJ):    0.000ns
    Phase Error              (PE):    0.000ns
  Timing Exception:       False Path

    Location             Delay type                Incr(ns)  Path(ns)    Netlist Resource(s)
  -------------------------------------------------------------------    -------------------
                         (clock clk_fpga_0 rise edge)
                                                      0.000     0.000 r  
    PS7_X0Y0             PS7                          0.000     0.000 r  design_1_i/processing_system7_0/inst/PS7_i/FCLKCLK[0]
                         net (fo=1, routed)           1.193     1.193    design_1_i/processing_system7_0/inst/FCLK_CLK_unbuffered[0]
    BUFGCTRL_X0Y16       BUFG (Prop_bufg_I_O)         0.101     1.294 r  design_1_i/processing_system7_0/inst/buffer_fclk_clk_0.FCLK_CLK_0_BUFG/O
                         net (fo=5198, routed)        1.893     3.187    design_1_i/axi_smc/inst/clk_map/psr_aclk/U0/aclk
    SLICE_X56Y118        FDRE                                         r  design_1_i/axi_smc/inst/clk_map/psr_aclk/U0/ACTIVE_LOW_BSR_OUT_DFF[0].FDRE_BSR_N/C
  -------------------------------------------------------------------    -------------------
    SLICE_X56Y118        FDRE (Prop_fdre_C_Q)         0.456     3.643 r  design_1_i/axi_smc/inst/clk_map/psr_aclk/U0/ACTIVE_LOW_BSR_OUT_DFF[0].FDRE_BSR_N/Q
                         net (fo=20, routed)          3.434     7.077    design_1_i/axi_smc/inst/s00_nodes/s00_b_node/inst/s_sc_xpm_cdc_async_rst_inst/src_arst
    SLICE_X67Y111        LUT1 (Prop_lut1_I0_O)        0.154     7.231 f  design_1_i/axi_smc/inst/s00_nodes/s00_b_node/inst/s_sc_xpm_cdc_async_rst_inst/arststages_ff[2]_i_1/O
                         net (fo=3, routed)           0.573     7.803    design_1_i/axi_smc/inst/s00_nodes/s00_b_node/inst/s_sc_xpm_cdc_async_rst_inst/reset_pol
    SLICE_X67Y111        FDCE                                         f  design_1_i/axi_smc/inst/s00_nodes/s00_b_node/inst/s_sc_xpm_cdc_async_rst_inst/arststages_ff_reg[2]/CLR
  -------------------------------------------------------------------    -------------------

                         (clock clk_fpga_0 rise edge)
                                                      0.000     0.000 r  
    PS7_X0Y0             PS7                          0.000     0.000 r  design_1_i/processing_system7_0/inst/PS7_i/FCLKCLK[0]
                         net (fo=1, routed)           1.088     1.088    design_1_i/processing_system7_0/inst/FCLK_CLK_unbuffered[0]
    BUFGCTRL_X0Y16       BUFG (Prop_bufg_I_O)         0.091     1.179 r  design_1_i/processing_system7_0/inst/buffer_fclk_clk_0.FCLK_CLK_0_BUFG/O
                         net (fo=5198, routed)        1.712     2.891    design_1_i/axi_smc/inst/s00_nodes/s00_b_node/inst/s_sc_xpm_cdc_async_rst_inst/dest_clk
    SLICE_X67Y111        FDCE                                         r  design_1_i/axi_smc/inst/s00_nodes/s00_b_node/inst/s_sc_xpm_cdc_async_rst_inst/arststages_ff_reg[2]/C

Slack:                    inf
  Source:                 design_1_i/axi_smc/inst/clk_map/psr_aclk/U0/ACTIVE_LOW_BSR_OUT_DFF[0].FDRE_BSR_N/C
                            (rising edge-triggered cell FDRE clocked by clk_fpga_0  {rise@0.000ns fall@10.000ns period=20.000ns})
  Destination:            design_1_i/axi_smc/inst/m01_nodes/m01_b_node/inst/s_sc_xpm_cdc_async_rst_inst/arststages_ff_reg[0]/CLR
                            (recovery check against rising-edge clock clk_fpga_0  {rise@0.000ns fall@10.000ns period=20.000ns})
  Path Group:             (none)
  Path Type:              Recovery (Max at Slow Process Corner)
  Data Path Delay:        4.517ns  (logic 0.580ns (12.840%)  route 3.937ns (87.160%))
  Logic Levels:           1  (LUT1=1)
  Clock Path Skew:        -0.296ns (DCD - SCD + CPR)
    Destination Clock Delay (DCD):    2.891ns
    Source Clock Delay      (SCD):    3.187ns
    Clock Pessimism Removal (CPR):    0.000ns
  Clock Uncertainty:      0.302ns  ((TSJ^2 + TIJ^2)^1/2 + DJ) / 2 + PE
    Total System Jitter     (TSJ):    0.071ns
    Total Input Jitter      (TIJ):    0.600ns
    Discrete Jitter          (DJ):    0.000ns
    Phase Error              (PE):    0.000ns
  Timing Exception:       False Path

    Location             Delay type                Incr(ns)  Path(ns)    Netlist Resource(s)
  -------------------------------------------------------------------    -------------------
                         (clock clk_fpga_0 rise edge)
                                                      0.000     0.000 r  
    PS7_X0Y0             PS7                          0.000     0.000 r  design_1_i/processing_system7_0/inst/PS7_i/FCLKCLK[0]
                         net (fo=1, routed)           1.193     1.193    design_1_i/processing_system7_0/inst/FCLK_CLK_unbuffered[0]
    BUFGCTRL_X0Y16       BUFG (Prop_bufg_I_O)         0.101     1.294 r  design_1_i/processing_system7_0/inst/buffer_fclk_clk_0.FCLK_CLK_0_BUFG/O
                         net (fo=5198, routed)        1.893     3.187    design_1_i/axi_smc/inst/clk_map/psr_aclk/U0/aclk
    SLICE_X56Y118        FDRE                                         r  design_1_i/axi_smc/inst/clk_map/psr_aclk/U0/ACTIVE_LOW_BSR_OUT_DFF[0].FDRE_BSR_N/C
  -------------------------------------------------------------------    -------------------
    SLICE_X56Y118        FDRE (Prop_fdre_C_Q)         0.456     3.643 r  design_1_i/axi_smc/inst/clk_map/psr_aclk/U0/ACTIVE_LOW_BSR_OUT_DFF[0].FDRE_BSR_N/Q
                         net (fo=20, routed)          3.434     7.077    design_1_i/axi_smc/inst/m01_nodes/m01_b_node/inst/s_sc_xpm_cdc_async_rst_inst/src_arst
    SLICE_X67Y111        LUT1 (Prop_lut1_I0_O)        0.124     7.201 f  design_1_i/axi_smc/inst/m01_nodes/m01_b_node/inst/s_sc_xpm_cdc_async_rst_inst/arststages_ff[2]_i_1/O
                         net (fo=3, routed)           0.503     7.704    design_1_i/axi_smc/inst/m01_nodes/m01_b_node/inst/s_sc_xpm_cdc_async_rst_inst/reset_pol
    SLICE_X64Y111        FDCE                                         f  design_1_i/axi_smc/inst/m01_nodes/m01_b_node/inst/s_sc_xpm_cdc_async_rst_inst/arststages_ff_reg[0]/CLR
  -------------------------------------------------------------------    -------------------

                         (clock clk_fpga_0 rise edge)
                                                      0.000     0.000 r  
    PS7_X0Y0             PS7                          0.000     0.000 r  design_1_i/processing_system7_0/inst/PS7_i/FCLKCLK[0]
                         net (fo=1, routed)           1.088     1.088    design_1_i/processing_system7_0/inst/FCLK_CLK_unbuffered[0]
    BUFGCTRL_X0Y16       BUFG (Prop_bufg_I_O)         0.091     1.179 r  design_1_i/processing_system7_0/inst/buffer_fclk_clk_0.FCLK_CLK_0_BUFG/O
                         net (fo=5198, routed)        1.712     2.891    design_1_i/axi_smc/inst/m01_nodes/m01_b_node/inst/s_sc_xpm_cdc_async_rst_inst/dest_clk
    SLICE_X64Y111        FDCE                                         r  design_1_i/axi_smc/inst/m01_nodes/m01_b_node/inst/s_sc_xpm_cdc_async_rst_inst/arststages_ff_reg[0]/C

Slack:                    inf
  Source:                 design_1_i/axi_smc/inst/clk_map/psr_aclk/U0/ACTIVE_LOW_BSR_OUT_DFF[0].FDRE_BSR_N/C
                            (rising edge-triggered cell FDRE clocked by clk_fpga_0  {rise@0.000ns fall@10.000ns period=20.000ns})
  Destination:            design_1_i/axi_smc/inst/m01_nodes/m01_b_node/inst/s_sc_xpm_cdc_async_rst_inst/arststages_ff_reg[1]/CLR
                            (recovery check against rising-edge clock clk_fpga_0  {rise@0.000ns fall@10.000ns period=20.000ns})
  Path Group:             (none)
  Path Type:              Recovery (Max at Slow Process Corner)
  Data Path Delay:        4.517ns  (logic 0.580ns (12.840%)  route 3.937ns (87.160%))
  Logic Levels:           1  (LUT1=1)
  Clock Path Skew:        -0.296ns (DCD - SCD + CPR)
    Destination Clock Delay (DCD):    2.891ns
    Source Clock Delay      (SCD):    3.187ns
    Clock Pessimism Removal (CPR):    0.000ns
  Clock Uncertainty:      0.302ns  ((TSJ^2 + TIJ^2)^1/2 + DJ) / 2 + PE
    Total System Jitter     (TSJ):    0.071ns
    Total Input Jitter      (TIJ):    0.600ns
    Discrete Jitter          (DJ):    0.000ns
    Phase Error              (PE):    0.000ns
  Timing Exception:       False Path

    Location             Delay type                Incr(ns)  Path(ns)    Netlist Resource(s)
  -------------------------------------------------------------------    -------------------
                         (clock clk_fpga_0 rise edge)
                                                      0.000     0.000 r  
    PS7_X0Y0             PS7                          0.000     0.000 r  design_1_i/processing_system7_0/inst/PS7_i/FCLKCLK[0]
                         net (fo=1, routed)           1.193     1.193    design_1_i/processing_system7_0/inst/FCLK_CLK_unbuffered[0]
    BUFGCTRL_X0Y16       BUFG (Prop_bufg_I_O)         0.101     1.294 r  design_1_i/processing_system7_0/inst/buffer_fclk_clk_0.FCLK_CLK_0_BUFG/O
                         net (fo=5198, routed)        1.893     3.187    design_1_i/axi_smc/inst/clk_map/psr_aclk/U0/aclk
    SLICE_X56Y118        FDRE                                         r  design_1_i/axi_smc/inst/clk_map/psr_aclk/U0/ACTIVE_LOW_BSR_OUT_DFF[0].FDRE_BSR_N/C
  -------------------------------------------------------------------    -------------------
    SLICE_X56Y118        FDRE (Prop_fdre_C_Q)         0.456     3.643 r  design_1_i/axi_smc/inst/clk_map/psr_aclk/U0/ACTIVE_LOW_BSR_OUT_DFF[0].FDRE_BSR_N/Q
                         net (fo=20, routed)          3.434     7.077    design_1_i/axi_smc/inst/m01_nodes/m01_b_node/inst/s_sc_xpm_cdc_async_rst_inst/src_arst
    SLICE_X67Y111        LUT1 (Prop_lut1_I0_O)        0.124     7.201 f  design_1_i/axi_smc/inst/m01_nodes/m01_b_node/inst/s_sc_xpm_cdc_async_rst_inst/arststages_ff[2]_i_1/O
                         net (fo=3, routed)           0.503     7.704    design_1_i/axi_smc/inst/m01_nodes/m01_b_node/inst/s_sc_xpm_cdc_async_rst_inst/reset_pol
    SLICE_X64Y111        FDCE                                         f  design_1_i/axi_smc/inst/m01_nodes/m01_b_node/inst/s_sc_xpm_cdc_async_rst_inst/arststages_ff_reg[1]/CLR
  -------------------------------------------------------------------    -------------------

                         (clock clk_fpga_0 rise edge)
                                                      0.000     0.000 r  
    PS7_X0Y0             PS7                          0.000     0.000 r  design_1_i/processing_system7_0/inst/PS7_i/FCLKCLK[0]
                         net (fo=1, routed)           1.088     1.088    design_1_i/processing_system7_0/inst/FCLK_CLK_unbuffered[0]
    BUFGCTRL_X0Y16       BUFG (Prop_bufg_I_O)         0.091     1.179 r  design_1_i/processing_system7_0/inst/buffer_fclk_clk_0.FCLK_CLK_0_BUFG/O
                         net (fo=5198, routed)        1.712     2.891    design_1_i/axi_smc/inst/m01_nodes/m01_b_node/inst/s_sc_xpm_cdc_async_rst_inst/dest_clk
    SLICE_X64Y111        FDCE                                         r  design_1_i/axi_smc/inst/m01_nodes/m01_b_node/inst/s_sc_xpm_cdc_async_rst_inst/arststages_ff_reg[1]/C

Slack:                    inf
  Source:                 design_1_i/axi_smc/inst/clk_map/psr_aclk/U0/ACTIVE_LOW_BSR_OUT_DFF[0].FDRE_BSR_N/C
                            (rising edge-triggered cell FDRE clocked by clk_fpga_0  {rise@0.000ns fall@10.000ns period=20.000ns})
  Destination:            design_1_i/axi_smc/inst/m01_nodes/m01_b_node/inst/s_sc_xpm_cdc_async_rst_inst/arststages_ff_reg[2]/CLR
                            (recovery check against rising-edge clock clk_fpga_0  {rise@0.000ns fall@10.000ns period=20.000ns})
  Path Group:             (none)
  Path Type:              Recovery (Max at Slow Process Corner)
  Data Path Delay:        4.517ns  (logic 0.580ns (12.840%)  route 3.937ns (87.160%))
  Logic Levels:           1  (LUT1=1)
  Clock Path Skew:        -0.296ns (DCD - SCD + CPR)
    Destination Clock Delay (DCD):    2.891ns
    Source Clock Delay      (SCD):    3.187ns
    Clock Pessimism Removal (CPR):    0.000ns
  Clock Uncertainty:      0.302ns  ((TSJ^2 + TIJ^2)^1/2 + DJ) / 2 + PE
    Total System Jitter     (TSJ):    0.071ns
    Total Input Jitter      (TIJ):    0.600ns
    Discrete Jitter          (DJ):    0.000ns
    Phase Error              (PE):    0.000ns
  Timing Exception:       False Path

    Location             Delay type                Incr(ns)  Path(ns)    Netlist Resource(s)
  -------------------------------------------------------------------    -------------------
                         (clock clk_fpga_0 rise edge)
                                                      0.000     0.000 r  
    PS7_X0Y0             PS7                          0.000     0.000 r  design_1_i/processing_system7_0/inst/PS7_i/FCLKCLK[0]
                         net (fo=1, routed)           1.193     1.193    design_1_i/processing_system7_0/inst/FCLK_CLK_unbuffered[0]
    BUFGCTRL_X0Y16       BUFG (Prop_bufg_I_O)         0.101     1.294 r  design_1_i/processing_system7_0/inst/buffer_fclk_clk_0.FCLK_CLK_0_BUFG/O
                         net (fo=5198, routed)        1.893     3.187    design_1_i/axi_smc/inst/clk_map/psr_aclk/U0/aclk
    SLICE_X56Y118        FDRE                                         r  design_1_i/axi_smc/inst/clk_map/psr_aclk/U0/ACTIVE_LOW_BSR_OUT_DFF[0].FDRE_BSR_N/C
  -------------------------------------------------------------------    -------------------
    SLICE_X56Y118        FDRE (Prop_fdre_C_Q)         0.456     3.643 r  design_1_i/axi_smc/inst/clk_map/psr_aclk/U0/ACTIVE_LOW_BSR_OUT_DFF[0].FDRE_BSR_N/Q
                         net (fo=20, routed)          3.434     7.077    design_1_i/axi_smc/inst/m01_nodes/m01_b_node/inst/s_sc_xpm_cdc_async_rst_inst/src_arst
    SLICE_X67Y111        LUT1 (Prop_lut1_I0_O)        0.124     7.201 f  design_1_i/axi_smc/inst/m01_nodes/m01_b_node/inst/s_sc_xpm_cdc_async_rst_inst/arststages_ff[2]_i_1/O
                         net (fo=3, routed)           0.503     7.704    design_1_i/axi_smc/inst/m01_nodes/m01_b_node/inst/s_sc_xpm_cdc_async_rst_inst/reset_pol
    SLICE_X64Y111        FDCE                                         f  design_1_i/axi_smc/inst/m01_nodes/m01_b_node/inst/s_sc_xpm_cdc_async_rst_inst/arststages_ff_reg[2]/CLR
  -------------------------------------------------------------------    -------------------

                         (clock clk_fpga_0 rise edge)
                                                      0.000     0.000 r  
    PS7_X0Y0             PS7                          0.000     0.000 r  design_1_i/processing_system7_0/inst/PS7_i/FCLKCLK[0]
                         net (fo=1, routed)           1.088     1.088    design_1_i/processing_system7_0/inst/FCLK_CLK_unbuffered[0]
    BUFGCTRL_X0Y16       BUFG (Prop_bufg_I_O)         0.091     1.179 r  design_1_i/processing_system7_0/inst/buffer_fclk_clk_0.FCLK_CLK_0_BUFG/O
                         net (fo=5198, routed)        1.712     2.891    design_1_i/axi_smc/inst/m01_nodes/m01_b_node/inst/s_sc_xpm_cdc_async_rst_inst/dest_clk
    SLICE_X64Y111        FDCE                                         r  design_1_i/axi_smc/inst/m01_nodes/m01_b_node/inst/s_sc_xpm_cdc_async_rst_inst/arststages_ff_reg[2]/C

Slack:                    inf
  Source:                 design_1_i/axi_smc/inst/clk_map/psr_aclk/U0/ACTIVE_LOW_BSR_OUT_DFF[0].FDRE_BSR_N/C
                            (rising edge-triggered cell FDRE clocked by clk_fpga_0  {rise@0.000ns fall@10.000ns period=20.000ns})
  Destination:            design_1_i/axi_smc/inst/m00_nodes/m00_ar_node/inst/s_sc_xpm_cdc_async_rst_inst/arststages_ff_reg[0]/CLR
                            (recovery check against rising-edge clock clk_fpga_0  {rise@0.000ns fall@10.000ns period=20.000ns})
  Path Group:             (none)
  Path Type:              Recovery (Max at Slow Process Corner)
  Data Path Delay:        4.408ns  (logic 0.580ns (13.157%)  route 3.828ns (86.843%))
  Logic Levels:           1  (LUT1=1)
  Clock Path Skew:        -0.467ns (DCD - SCD + CPR)
    Destination Clock Delay (DCD):    2.720ns
    Source Clock Delay      (SCD):    3.187ns
    Clock Pessimism Removal (CPR):    0.000ns
  Clock Uncertainty:      0.302ns  ((TSJ^2 + TIJ^2)^1/2 + DJ) / 2 + PE
    Total System Jitter     (TSJ):    0.071ns
    Total Input Jitter      (TIJ):    0.600ns
    Discrete Jitter          (DJ):    0.000ns
    Phase Error              (PE):    0.000ns
  Timing Exception:       False Path

    Location             Delay type                Incr(ns)  Path(ns)    Netlist Resource(s)
  -------------------------------------------------------------------    -------------------
                         (clock clk_fpga_0 rise edge)
                                                      0.000     0.000 r  
    PS7_X0Y0             PS7                          0.000     0.000 r  design_1_i/processing_system7_0/inst/PS7_i/FCLKCLK[0]
                         net (fo=1, routed)           1.193     1.193    design_1_i/processing_system7_0/inst/FCLK_CLK_unbuffered[0]
    BUFGCTRL_X0Y16       BUFG (Prop_bufg_I_O)         0.101     1.294 r  design_1_i/processing_system7_0/inst/buffer_fclk_clk_0.FCLK_CLK_0_BUFG/O
                         net (fo=5198, routed)        1.893     3.187    design_1_i/axi_smc/inst/clk_map/psr_aclk/U0/aclk
    SLICE_X56Y118        FDRE                                         r  design_1_i/axi_smc/inst/clk_map/psr_aclk/U0/ACTIVE_LOW_BSR_OUT_DFF[0].FDRE_BSR_N/C
  -------------------------------------------------------------------    -------------------
    SLICE_X56Y118        FDRE (Prop_fdre_C_Q)         0.456     3.643 r  design_1_i/axi_smc/inst/clk_map/psr_aclk/U0/ACTIVE_LOW_BSR_OUT_DFF[0].FDRE_BSR_N/Q
                         net (fo=20, routed)          3.193     6.836    design_1_i/axi_smc/inst/m00_nodes/m00_ar_node/inst/s_sc_xpm_cdc_async_rst_inst/src_arst
    SLICE_X67Y90         LUT1 (Prop_lut1_I0_O)        0.124     6.960 f  design_1_i/axi_smc/inst/m00_nodes/m00_ar_node/inst/s_sc_xpm_cdc_async_rst_inst/arststages_ff[2]_i_1/O
                         net (fo=3, routed)           0.635     7.595    design_1_i/axi_smc/inst/m00_nodes/m00_ar_node/inst/s_sc_xpm_cdc_async_rst_inst/reset_pol
    SLICE_X67Y93         FDCE                                         f  design_1_i/axi_smc/inst/m00_nodes/m00_ar_node/inst/s_sc_xpm_cdc_async_rst_inst/arststages_ff_reg[0]/CLR
  -------------------------------------------------------------------    -------------------

                         (clock clk_fpga_0 rise edge)
                                                      0.000     0.000 r  
    PS7_X0Y0             PS7                          0.000     0.000 r  design_1_i/processing_system7_0/inst/PS7_i/FCLKCLK[0]
                         net (fo=1, routed)           1.088     1.088    design_1_i/processing_system7_0/inst/FCLK_CLK_unbuffered[0]
    BUFGCTRL_X0Y16       BUFG (Prop_bufg_I_O)         0.091     1.179 r  design_1_i/processing_system7_0/inst/buffer_fclk_clk_0.FCLK_CLK_0_BUFG/O
                         net (fo=5198, routed)        1.541     2.720    design_1_i/axi_smc/inst/m00_nodes/m00_ar_node/inst/s_sc_xpm_cdc_async_rst_inst/dest_clk
    SLICE_X67Y93         FDCE                                         r  design_1_i/axi_smc/inst/m00_nodes/m00_ar_node/inst/s_sc_xpm_cdc_async_rst_inst/arststages_ff_reg[0]/C

Slack:                    inf
  Source:                 design_1_i/axi_smc/inst/clk_map/psr_aclk/U0/ACTIVE_LOW_BSR_OUT_DFF[0].FDRE_BSR_N/C
                            (rising edge-triggered cell FDRE clocked by clk_fpga_0  {rise@0.000ns fall@10.000ns period=20.000ns})
  Destination:            design_1_i/axi_smc/inst/m00_nodes/m00_ar_node/inst/s_sc_xpm_cdc_async_rst_inst/arststages_ff_reg[1]/CLR
                            (recovery check against rising-edge clock clk_fpga_0  {rise@0.000ns fall@10.000ns period=20.000ns})
  Path Group:             (none)
  Path Type:              Recovery (Max at Slow Process Corner)
  Data Path Delay:        4.408ns  (logic 0.580ns (13.157%)  route 3.828ns (86.843%))
  Logic Levels:           1  (LUT1=1)
  Clock Path Skew:        -0.467ns (DCD - SCD + CPR)
    Destination Clock Delay (DCD):    2.720ns
    Source Clock Delay      (SCD):    3.187ns
    Clock Pessimism Removal (CPR):    0.000ns
  Clock Uncertainty:      0.302ns  ((TSJ^2 + TIJ^2)^1/2 + DJ) / 2 + PE
    Total System Jitter     (TSJ):    0.071ns
    Total Input Jitter      (TIJ):    0.600ns
    Discrete Jitter          (DJ):    0.000ns
    Phase Error              (PE):    0.000ns
  Timing Exception:       False Path

    Location             Delay type                Incr(ns)  Path(ns)    Netlist Resource(s)
  -------------------------------------------------------------------    -------------------
                         (clock clk_fpga_0 rise edge)
                                                      0.000     0.000 r  
    PS7_X0Y0             PS7                          0.000     0.000 r  design_1_i/processing_system7_0/inst/PS7_i/FCLKCLK[0]
                         net (fo=1, routed)           1.193     1.193    design_1_i/processing_system7_0/inst/FCLK_CLK_unbuffered[0]
    BUFGCTRL_X0Y16       BUFG (Prop_bufg_I_O)         0.101     1.294 r  design_1_i/processing_system7_0/inst/buffer_fclk_clk_0.FCLK_CLK_0_BUFG/O
                         net (fo=5198, routed)        1.893     3.187    design_1_i/axi_smc/inst/clk_map/psr_aclk/U0/aclk
    SLICE_X56Y118        FDRE                                         r  design_1_i/axi_smc/inst/clk_map/psr_aclk/U0/ACTIVE_LOW_BSR_OUT_DFF[0].FDRE_BSR_N/C
  -------------------------------------------------------------------    -------------------
    SLICE_X56Y118        FDRE (Prop_fdre_C_Q)         0.456     3.643 r  design_1_i/axi_smc/inst/clk_map/psr_aclk/U0/ACTIVE_LOW_BSR_OUT_DFF[0].FDRE_BSR_N/Q
                         net (fo=20, routed)          3.193     6.836    design_1_i/axi_smc/inst/m00_nodes/m00_ar_node/inst/s_sc_xpm_cdc_async_rst_inst/src_arst
    SLICE_X67Y90         LUT1 (Prop_lut1_I0_O)        0.124     6.960 f  design_1_i/axi_smc/inst/m00_nodes/m00_ar_node/inst/s_sc_xpm_cdc_async_rst_inst/arststages_ff[2]_i_1/O
                         net (fo=3, routed)           0.635     7.595    design_1_i/axi_smc/inst/m00_nodes/m00_ar_node/inst/s_sc_xpm_cdc_async_rst_inst/reset_pol
    SLICE_X67Y93         FDCE                                         f  design_1_i/axi_smc/inst/m00_nodes/m00_ar_node/inst/s_sc_xpm_cdc_async_rst_inst/arststages_ff_reg[1]/CLR
  -------------------------------------------------------------------    -------------------

                         (clock clk_fpga_0 rise edge)
                                                      0.000     0.000 r  
    PS7_X0Y0             PS7                          0.000     0.000 r  design_1_i/processing_system7_0/inst/PS7_i/FCLKCLK[0]
                         net (fo=1, routed)           1.088     1.088    design_1_i/processing_system7_0/inst/FCLK_CLK_unbuffered[0]
    BUFGCTRL_X0Y16       BUFG (Prop_bufg_I_O)         0.091     1.179 r  design_1_i/processing_system7_0/inst/buffer_fclk_clk_0.FCLK_CLK_0_BUFG/O
                         net (fo=5198, routed)        1.541     2.720    design_1_i/axi_smc/inst/m00_nodes/m00_ar_node/inst/s_sc_xpm_cdc_async_rst_inst/dest_clk
    SLICE_X67Y93         FDCE                                         r  design_1_i/axi_smc/inst/m00_nodes/m00_ar_node/inst/s_sc_xpm_cdc_async_rst_inst/arststages_ff_reg[1]/C

Slack:                    inf
  Source:                 design_1_i/axi_smc/inst/clk_map/psr_aclk/U0/ACTIVE_LOW_BSR_OUT_DFF[0].FDRE_BSR_N/C
                            (rising edge-triggered cell FDRE clocked by clk_fpga_0  {rise@0.000ns fall@10.000ns period=20.000ns})
  Destination:            design_1_i/axi_smc/inst/m00_nodes/m00_ar_node/inst/s_sc_xpm_cdc_async_rst_inst/arststages_ff_reg[2]/CLR
                            (recovery check against rising-edge clock clk_fpga_0  {rise@0.000ns fall@10.000ns period=20.000ns})
  Path Group:             (none)
  Path Type:              Recovery (Max at Slow Process Corner)
  Data Path Delay:        4.408ns  (logic 0.580ns (13.157%)  route 3.828ns (86.843%))
  Logic Levels:           1  (LUT1=1)
  Clock Path Skew:        -0.467ns (DCD - SCD + CPR)
    Destination Clock Delay (DCD):    2.720ns
    Source Clock Delay      (SCD):    3.187ns
    Clock Pessimism Removal (CPR):    0.000ns
  Clock Uncertainty:      0.302ns  ((TSJ^2 + TIJ^2)^1/2 + DJ) / 2 + PE
    Total System Jitter     (TSJ):    0.071ns
    Total Input Jitter      (TIJ):    0.600ns
    Discrete Jitter          (DJ):    0.000ns
    Phase Error              (PE):    0.000ns
  Timing Exception:       False Path

    Location             Delay type                Incr(ns)  Path(ns)    Netlist Resource(s)
  -------------------------------------------------------------------    -------------------
                         (clock clk_fpga_0 rise edge)
                                                      0.000     0.000 r  
    PS7_X0Y0             PS7                          0.000     0.000 r  design_1_i/processing_system7_0/inst/PS7_i/FCLKCLK[0]
                         net (fo=1, routed)           1.193     1.193    design_1_i/processing_system7_0/inst/FCLK_CLK_unbuffered[0]
    BUFGCTRL_X0Y16       BUFG (Prop_bufg_I_O)         0.101     1.294 r  design_1_i/processing_system7_0/inst/buffer_fclk_clk_0.FCLK_CLK_0_BUFG/O
                         net (fo=5198, routed)        1.893     3.187    design_1_i/axi_smc/inst/clk_map/psr_aclk/U0/aclk
    SLICE_X56Y118        FDRE                                         r  design_1_i/axi_smc/inst/clk_map/psr_aclk/U0/ACTIVE_LOW_BSR_OUT_DFF[0].FDRE_BSR_N/C
  -------------------------------------------------------------------    -------------------
    SLICE_X56Y118        FDRE (Prop_fdre_C_Q)         0.456     3.643 r  design_1_i/axi_smc/inst/clk_map/psr_aclk/U0/ACTIVE_LOW_BSR_OUT_DFF[0].FDRE_BSR_N/Q
                         net (fo=20, routed)          3.193     6.836    design_1_i/axi_smc/inst/m00_nodes/m00_ar_node/inst/s_sc_xpm_cdc_async_rst_inst/src_arst
    SLICE_X67Y90         LUT1 (Prop_lut1_I0_O)        0.124     6.960 f  design_1_i/axi_smc/inst/m00_nodes/m00_ar_node/inst/s_sc_xpm_cdc_async_rst_inst/arststages_ff[2]_i_1/O
                         net (fo=3, routed)           0.635     7.595    design_1_i/axi_smc/inst/m00_nodes/m00_ar_node/inst/s_sc_xpm_cdc_async_rst_inst/reset_pol
    SLICE_X67Y93         FDCE                                         f  design_1_i/axi_smc/inst/m00_nodes/m00_ar_node/inst/s_sc_xpm_cdc_async_rst_inst/arststages_ff_reg[2]/CLR
  -------------------------------------------------------------------    -------------------

                         (clock clk_fpga_0 rise edge)
                                                      0.000     0.000 r  
    PS7_X0Y0             PS7                          0.000     0.000 r  design_1_i/processing_system7_0/inst/PS7_i/FCLKCLK[0]
                         net (fo=1, routed)           1.088     1.088    design_1_i/processing_system7_0/inst/FCLK_CLK_unbuffered[0]
    BUFGCTRL_X0Y16       BUFG (Prop_bufg_I_O)         0.091     1.179 r  design_1_i/processing_system7_0/inst/buffer_fclk_clk_0.FCLK_CLK_0_BUFG/O
                         net (fo=5198, routed)        1.541     2.720    design_1_i/axi_smc/inst/m00_nodes/m00_ar_node/inst/s_sc_xpm_cdc_async_rst_inst/dest_clk
    SLICE_X67Y93         FDCE                                         r  design_1_i/axi_smc/inst/m00_nodes/m00_ar_node/inst/s_sc_xpm_cdc_async_rst_inst/arststages_ff_reg[2]/C

Slack:                    inf
  Source:                 design_1_i/axi_smc/inst/clk_map/psr_aclk/U0/ACTIVE_LOW_BSR_OUT_DFF[0].FDRE_BSR_N/C
                            (rising edge-triggered cell FDRE clocked by clk_fpga_0  {rise@0.000ns fall@10.000ns period=20.000ns})
  Destination:            design_1_i/axi_smc/inst/m00_nodes/m00_r_node/inst/s_sc_xpm_cdc_async_rst_inst/arststages_ff_reg[0]/CLR
                            (recovery check against rising-edge clock clk_fpga_0  {rise@0.000ns fall@10.000ns period=20.000ns})
  Path Group:             (none)
  Path Type:              Recovery (Max at Slow Process Corner)
  Data Path Delay:        4.382ns  (logic 0.609ns (13.898%)  route 3.773ns (86.102%))
  Logic Levels:           1  (LUT1=1)
  Clock Path Skew:        -0.469ns (DCD - SCD + CPR)
    Destination Clock Delay (DCD):    2.718ns
    Source Clock Delay      (SCD):    3.187ns
    Clock Pessimism Removal (CPR):    0.000ns
  Clock Uncertainty:      0.302ns  ((TSJ^2 + TIJ^2)^1/2 + DJ) / 2 + PE
    Total System Jitter     (TSJ):    0.071ns
    Total Input Jitter      (TIJ):    0.600ns
    Discrete Jitter          (DJ):    0.000ns
    Phase Error              (PE):    0.000ns
  Timing Exception:       False Path

    Location             Delay type                Incr(ns)  Path(ns)    Netlist Resource(s)
  -------------------------------------------------------------------    -------------------
                         (clock clk_fpga_0 rise edge)
                                                      0.000     0.000 r  
    PS7_X0Y0             PS7                          0.000     0.000 r  design_1_i/processing_system7_0/inst/PS7_i/FCLKCLK[0]
                         net (fo=1, routed)           1.193     1.193    design_1_i/processing_system7_0/inst/FCLK_CLK_unbuffered[0]
    BUFGCTRL_X0Y16       BUFG (Prop_bufg_I_O)         0.101     1.294 r  design_1_i/processing_system7_0/inst/buffer_fclk_clk_0.FCLK_CLK_0_BUFG/O
                         net (fo=5198, routed)        1.893     3.187    design_1_i/axi_smc/inst/clk_map/psr_aclk/U0/aclk
    SLICE_X56Y118        FDRE                                         r  design_1_i/axi_smc/inst/clk_map/psr_aclk/U0/ACTIVE_LOW_BSR_OUT_DFF[0].FDRE_BSR_N/C
  -------------------------------------------------------------------    -------------------
    SLICE_X56Y118        FDRE (Prop_fdre_C_Q)         0.456     3.643 r  design_1_i/axi_smc/inst/clk_map/psr_aclk/U0/ACTIVE_LOW_BSR_OUT_DFF[0].FDRE_BSR_N/Q
                         net (fo=20, routed)          3.193     6.836    design_1_i/axi_smc/inst/m00_nodes/m00_r_node/inst/s_sc_xpm_cdc_async_rst_inst/src_arst
    SLICE_X67Y90         LUT1 (Prop_lut1_I0_O)        0.153     6.989 f  design_1_i/axi_smc/inst/m00_nodes/m00_r_node/inst/s_sc_xpm_cdc_async_rst_inst/arststages_ff[2]_i_1/O
                         net (fo=3, routed)           0.580     7.569    design_1_i/axi_smc/inst/m00_nodes/m00_r_node/inst/s_sc_xpm_cdc_async_rst_inst/reset_pol
    SLICE_X67Y89         FDCE                                         f  design_1_i/axi_smc/inst/m00_nodes/m00_r_node/inst/s_sc_xpm_cdc_async_rst_inst/arststages_ff_reg[0]/CLR
  -------------------------------------------------------------------    -------------------

                         (clock clk_fpga_0 rise edge)
                                                      0.000     0.000 r  
    PS7_X0Y0             PS7                          0.000     0.000 r  design_1_i/processing_system7_0/inst/PS7_i/FCLKCLK[0]
                         net (fo=1, routed)           1.088     1.088    design_1_i/processing_system7_0/inst/FCLK_CLK_unbuffered[0]
    BUFGCTRL_X0Y16       BUFG (Prop_bufg_I_O)         0.091     1.179 r  design_1_i/processing_system7_0/inst/buffer_fclk_clk_0.FCLK_CLK_0_BUFG/O
                         net (fo=5198, routed)        1.539     2.718    design_1_i/axi_smc/inst/m00_nodes/m00_r_node/inst/s_sc_xpm_cdc_async_rst_inst/dest_clk
    SLICE_X67Y89         FDCE                                         r  design_1_i/axi_smc/inst/m00_nodes/m00_r_node/inst/s_sc_xpm_cdc_async_rst_inst/arststages_ff_reg[0]/C





Min Delay Paths
--------------------------------------------------------------------------------------
Slack:                    inf
  Source:                 design_1_i/rst_ps7_0_100M/U0/ACTIVE_LOW_PR_OUT_DFF[0].FDRE_PER_N/C
                            (rising edge-triggered cell FDRE clocked by clk_fpga_0  {rise@0.000ns fall@10.000ns period=20.000ns})
  Destination:            design_1_i/axi_smc/inst/clk_map/psr_aclk/U0/EXT_LPF/ACTIVE_LOW_AUX.ACT_LO_AUX/syncstages_ff_reg[0]/D
                            (rising edge-triggered cell FDRE clocked by clk_fpga_0  {rise@0.000ns fall@10.000ns period=20.000ns})
  Path Group:             (none)
  Path Type:              Hold (Min at Fast Process Corner)
  Data Path Delay:        0.456ns  (logic 0.186ns (40.831%)  route 0.270ns (59.169%))
  Logic Levels:           1  (LUT1=1)
  Clock Path Skew:        0.301ns (DCD - SCD - CPR)
    Destination Clock Delay (DCD):    1.290ns
    Source Clock Delay      (SCD):    0.989ns
    Clock Pessimism Removal (CPR):    -0.000ns
  Clock Uncertainty:      0.302ns  ((TSJ^2 + TIJ^2)^1/2 + DJ) / 2 + PE
    Total System Jitter     (TSJ):    0.071ns
    Total Input Jitter      (TIJ):    0.600ns
    Discrete Jitter          (DJ):    0.000ns
    Phase Error              (PE):    0.000ns
  Timing Exception:       False Path

    Location             Delay type                Incr(ns)  Path(ns)    Netlist Resource(s)
  -------------------------------------------------------------------    -------------------
                         (clock clk_fpga_0 rise edge)
                                                      0.000     0.000 r  
    PS7_X0Y0             PS7                          0.000     0.000 r  design_1_i/processing_system7_0/inst/PS7_i/FCLKCLK[0]
                         net (fo=1, routed)           0.310     0.310    design_1_i/processing_system7_0/inst/FCLK_CLK_unbuffered[0]
    BUFGCTRL_X0Y16       BUFG (Prop_bufg_I_O)         0.026     0.336 r  design_1_i/processing_system7_0/inst/buffer_fclk_clk_0.FCLK_CLK_0_BUFG/O
                         net (fo=5198, routed)        0.653     0.989    design_1_i/rst_ps7_0_100M/U0/slowest_sync_clk
    SLICE_X65Y119        FDRE                                         r  design_1_i/rst_ps7_0_100M/U0/ACTIVE_LOW_PR_OUT_DFF[0].FDRE_PER_N/C
  -------------------------------------------------------------------    -------------------
    SLICE_X65Y119        FDRE (Prop_fdre_C_Q)         0.141     1.130 f  design_1_i/rst_ps7_0_100M/U0/ACTIVE_LOW_PR_OUT_DFF[0].FDRE_PER_N/Q
                         net (fo=20, routed)          0.270     1.400    design_1_i/axi_smc/inst/clk_map/psr_aclk/U0/EXT_LPF/aresetn
    SLICE_X59Y118        LUT1 (Prop_lut1_I0_O)        0.045     1.445 r  design_1_i/axi_smc/inst/clk_map/psr_aclk/U0/EXT_LPF/ACTIVE_LOW_AUX.ACT_LO_AUX_i_1/O
                         net (fo=1, routed)           0.000     1.445    design_1_i/axi_smc/inst/clk_map/psr_aclk/U0/EXT_LPF/ACTIVE_LOW_AUX.ACT_LO_AUX/src_in
    SLICE_X59Y118        FDRE                                         r  design_1_i/axi_smc/inst/clk_map/psr_aclk/U0/EXT_LPF/ACTIVE_LOW_AUX.ACT_LO_AUX/syncstages_ff_reg[0]/D
  -------------------------------------------------------------------    -------------------

                         (clock clk_fpga_0 rise edge)
                                                      0.000     0.000 r  
    PS7_X0Y0             PS7                          0.000     0.000 r  design_1_i/processing_system7_0/inst/PS7_i/FCLKCLK[0]
                         net (fo=1, routed)           0.337     0.337    design_1_i/processing_system7_0/inst/FCLK_CLK_unbuffered[0]
    BUFGCTRL_X0Y16       BUFG (Prop_bufg_I_O)         0.029     0.366 r  design_1_i/processing_system7_0/inst/buffer_fclk_clk_0.FCLK_CLK_0_BUFG/O
                         net (fo=5198, routed)        0.924     1.290    design_1_i/axi_smc/inst/clk_map/psr_aclk/U0/EXT_LPF/ACTIVE_LOW_AUX.ACT_LO_AUX/dest_clk
    SLICE_X59Y118        FDRE                                         r  design_1_i/axi_smc/inst/clk_map/psr_aclk/U0/EXT_LPF/ACTIVE_LOW_AUX.ACT_LO_AUX/syncstages_ff_reg[0]/C

Slack:                    inf
  Source:                 design_1_i/axi_smc/inst/clk_map/psr_aclk/U0/ACTIVE_LOW_BSR_OUT_DFF[0].FDRE_BSR_N/C
                            (rising edge-triggered cell FDRE clocked by clk_fpga_0  {rise@0.000ns fall@10.000ns period=20.000ns})
  Destination:            design_1_i/axi_smc/inst/m00_nodes/m00_b_node/inst/s_sc_xpm_cdc_async_rst_inst/arststages_ff_reg[0]/CLR
                            (removal check against rising-edge clock clk_fpga_0  {rise@0.000ns fall@10.000ns period=20.000ns})
  Path Group:             (none)
  Path Type:              Removal (Min at Fast Process Corner)
  Data Path Delay:        0.651ns  (logic 0.186ns (28.592%)  route 0.465ns (71.408%))
  Logic Levels:           1  (LUT1=1)
  Clock Path Skew:        0.304ns (DCD - SCD - CPR)
    Destination Clock Delay (DCD):    1.292ns
    Source Clock Delay      (SCD):    0.988ns
    Clock Pessimism Removal (CPR):    -0.000ns
  Clock Uncertainty:      0.302ns  ((TSJ^2 + TIJ^2)^1/2 + DJ) / 2 + PE
    Total System Jitter     (TSJ):    0.071ns
    Total Input Jitter      (TIJ):    0.600ns
    Discrete Jitter          (DJ):    0.000ns
    Phase Error              (PE):    0.000ns
  Timing Exception:       False Path

    Location             Delay type                Incr(ns)  Path(ns)    Netlist Resource(s)
  -------------------------------------------------------------------    -------------------
                         (clock clk_fpga_0 rise edge)
                                                      0.000     0.000 r  
    PS7_X0Y0             PS7                          0.000     0.000 r  design_1_i/processing_system7_0/inst/PS7_i/FCLKCLK[0]
                         net (fo=1, routed)           0.310     0.310    design_1_i/processing_system7_0/inst/FCLK_CLK_unbuffered[0]
    BUFGCTRL_X0Y16       BUFG (Prop_bufg_I_O)         0.026     0.336 r  design_1_i/processing_system7_0/inst/buffer_fclk_clk_0.FCLK_CLK_0_BUFG/O
                         net (fo=5198, routed)        0.652     0.988    design_1_i/axi_smc/inst/clk_map/psr_aclk/U0/aclk
    SLICE_X56Y118        FDRE                                         r  design_1_i/axi_smc/inst/clk_map/psr_aclk/U0/ACTIVE_LOW_BSR_OUT_DFF[0].FDRE_BSR_N/C
  -------------------------------------------------------------------    -------------------
    SLICE_X56Y118        FDRE (Prop_fdre_C_Q)         0.141     1.129 r  design_1_i/axi_smc/inst/clk_map/psr_aclk/U0/ACTIVE_LOW_BSR_OUT_DFF[0].FDRE_BSR_N/Q
                         net (fo=20, routed)          0.290     1.419    design_1_i/axi_smc/inst/m00_nodes/m00_b_node/inst/s_sc_xpm_cdc_async_rst_inst/src_arst
    SLICE_X57Y117        LUT1 (Prop_lut1_I0_O)        0.045     1.464 f  design_1_i/axi_smc/inst/m00_nodes/m00_b_node/inst/s_sc_xpm_cdc_async_rst_inst/arststages_ff[2]_i_1/O
                         net (fo=3, routed)           0.175     1.639    design_1_i/axi_smc/inst/m00_nodes/m00_b_node/inst/s_sc_xpm_cdc_async_rst_inst/reset_pol
    SLICE_X57Y116        FDCE                                         f  design_1_i/axi_smc/inst/m00_nodes/m00_b_node/inst/s_sc_xpm_cdc_async_rst_inst/arststages_ff_reg[0]/CLR
  -------------------------------------------------------------------    -------------------

                         (clock clk_fpga_0 rise edge)
                                                      0.000     0.000 r  
    PS7_X0Y0             PS7                          0.000     0.000 r  design_1_i/processing_system7_0/inst/PS7_i/FCLKCLK[0]
                         net (fo=1, routed)           0.337     0.337    design_1_i/processing_system7_0/inst/FCLK_CLK_unbuffered[0]
    BUFGCTRL_X0Y16       BUFG (Prop_bufg_I_O)         0.029     0.366 r  design_1_i/processing_system7_0/inst/buffer_fclk_clk_0.FCLK_CLK_0_BUFG/O
                         net (fo=5198, routed)        0.926     1.292    design_1_i/axi_smc/inst/m00_nodes/m00_b_node/inst/s_sc_xpm_cdc_async_rst_inst/dest_clk
    SLICE_X57Y116        FDCE                                         r  design_1_i/axi_smc/inst/m00_nodes/m00_b_node/inst/s_sc_xpm_cdc_async_rst_inst/arststages_ff_reg[0]/C

Slack:                    inf
  Source:                 design_1_i/axi_smc/inst/clk_map/psr_aclk/U0/ACTIVE_LOW_BSR_OUT_DFF[0].FDRE_BSR_N/C
                            (rising edge-triggered cell FDRE clocked by clk_fpga_0  {rise@0.000ns fall@10.000ns period=20.000ns})
  Destination:            design_1_i/axi_smc/inst/m00_nodes/m00_b_node/inst/s_sc_xpm_cdc_async_rst_inst/arststages_ff_reg[1]/CLR
                            (removal check against rising-edge clock clk_fpga_0  {rise@0.000ns fall@10.000ns period=20.000ns})
  Path Group:             (none)
  Path Type:              Removal (Min at Fast Process Corner)
  Data Path Delay:        0.651ns  (logic 0.186ns (28.592%)  route 0.465ns (71.408%))
  Logic Levels:           1  (LUT1=1)
  Clock Path Skew:        0.304ns (DCD - SCD - CPR)
    Destination Clock Delay (DCD):    1.292ns
    Source Clock Delay      (SCD):    0.988ns
    Clock Pessimism Removal (CPR):    -0.000ns
  Clock Uncertainty:      0.302ns  ((TSJ^2 + TIJ^2)^1/2 + DJ) / 2 + PE
    Total System Jitter     (TSJ):    0.071ns
    Total Input Jitter      (TIJ):    0.600ns
    Discrete Jitter          (DJ):    0.000ns
    Phase Error              (PE):    0.000ns
  Timing Exception:       False Path

    Location             Delay type                Incr(ns)  Path(ns)    Netlist Resource(s)
  -------------------------------------------------------------------    -------------------
                         (clock clk_fpga_0 rise edge)
                                                      0.000     0.000 r  
    PS7_X0Y0             PS7                          0.000     0.000 r  design_1_i/processing_system7_0/inst/PS7_i/FCLKCLK[0]
                         net (fo=1, routed)           0.310     0.310    design_1_i/processing_system7_0/inst/FCLK_CLK_unbuffered[0]
    BUFGCTRL_X0Y16       BUFG (Prop_bufg_I_O)         0.026     0.336 r  design_1_i/processing_system7_0/inst/buffer_fclk_clk_0.FCLK_CLK_0_BUFG/O
                         net (fo=5198, routed)        0.652     0.988    design_1_i/axi_smc/inst/clk_map/psr_aclk/U0/aclk
    SLICE_X56Y118        FDRE                                         r  design_1_i/axi_smc/inst/clk_map/psr_aclk/U0/ACTIVE_LOW_BSR_OUT_DFF[0].FDRE_BSR_N/C
  -------------------------------------------------------------------    -------------------
    SLICE_X56Y118        FDRE (Prop_fdre_C_Q)         0.141     1.129 r  design_1_i/axi_smc/inst/clk_map/psr_aclk/U0/ACTIVE_LOW_BSR_OUT_DFF[0].FDRE_BSR_N/Q
                         net (fo=20, routed)          0.290     1.419    design_1_i/axi_smc/inst/m00_nodes/m00_b_node/inst/s_sc_xpm_cdc_async_rst_inst/src_arst
    SLICE_X57Y117        LUT1 (Prop_lut1_I0_O)        0.045     1.464 f  design_1_i/axi_smc/inst/m00_nodes/m00_b_node/inst/s_sc_xpm_cdc_async_rst_inst/arststages_ff[2]_i_1/O
                         net (fo=3, routed)           0.175     1.639    design_1_i/axi_smc/inst/m00_nodes/m00_b_node/inst/s_sc_xpm_cdc_async_rst_inst/reset_pol
    SLICE_X57Y116        FDCE                                         f  design_1_i/axi_smc/inst/m00_nodes/m00_b_node/inst/s_sc_xpm_cdc_async_rst_inst/arststages_ff_reg[1]/CLR
  -------------------------------------------------------------------    -------------------

                         (clock clk_fpga_0 rise edge)
                                                      0.000     0.000 r  
    PS7_X0Y0             PS7                          0.000     0.000 r  design_1_i/processing_system7_0/inst/PS7_i/FCLKCLK[0]
                         net (fo=1, routed)           0.337     0.337    design_1_i/processing_system7_0/inst/FCLK_CLK_unbuffered[0]
    BUFGCTRL_X0Y16       BUFG (Prop_bufg_I_O)         0.029     0.366 r  design_1_i/processing_system7_0/inst/buffer_fclk_clk_0.FCLK_CLK_0_BUFG/O
                         net (fo=5198, routed)        0.926     1.292    design_1_i/axi_smc/inst/m00_nodes/m00_b_node/inst/s_sc_xpm_cdc_async_rst_inst/dest_clk
    SLICE_X57Y116        FDCE                                         r  design_1_i/axi_smc/inst/m00_nodes/m00_b_node/inst/s_sc_xpm_cdc_async_rst_inst/arststages_ff_reg[1]/C

Slack:                    inf
  Source:                 design_1_i/axi_smc/inst/clk_map/psr_aclk/U0/ACTIVE_LOW_BSR_OUT_DFF[0].FDRE_BSR_N/C
                            (rising edge-triggered cell FDRE clocked by clk_fpga_0  {rise@0.000ns fall@10.000ns period=20.000ns})
  Destination:            design_1_i/axi_smc/inst/m00_nodes/m00_b_node/inst/s_sc_xpm_cdc_async_rst_inst/arststages_ff_reg[2]/CLR
                            (removal check against rising-edge clock clk_fpga_0  {rise@0.000ns fall@10.000ns period=20.000ns})
  Path Group:             (none)
  Path Type:              Removal (Min at Fast Process Corner)
  Data Path Delay:        0.651ns  (logic 0.186ns (28.592%)  route 0.465ns (71.408%))
  Logic Levels:           1  (LUT1=1)
  Clock Path Skew:        0.304ns (DCD - SCD - CPR)
    Destination Clock Delay (DCD):    1.292ns
    Source Clock Delay      (SCD):    0.988ns
    Clock Pessimism Removal (CPR):    -0.000ns
  Clock Uncertainty:      0.302ns  ((TSJ^2 + TIJ^2)^1/2 + DJ) / 2 + PE
    Total System Jitter     (TSJ):    0.071ns
    Total Input Jitter      (TIJ):    0.600ns
    Discrete Jitter          (DJ):    0.000ns
    Phase Error              (PE):    0.000ns
  Timing Exception:       False Path

    Location             Delay type                Incr(ns)  Path(ns)    Netlist Resource(s)
  -------------------------------------------------------------------    -------------------
                         (clock clk_fpga_0 rise edge)
                                                      0.000     0.000 r  
    PS7_X0Y0             PS7                          0.000     0.000 r  design_1_i/processing_system7_0/inst/PS7_i/FCLKCLK[0]
                         net (fo=1, routed)           0.310     0.310    design_1_i/processing_system7_0/inst/FCLK_CLK_unbuffered[0]
    BUFGCTRL_X0Y16       BUFG (Prop_bufg_I_O)         0.026     0.336 r  design_1_i/processing_system7_0/inst/buffer_fclk_clk_0.FCLK_CLK_0_BUFG/O
                         net (fo=5198, routed)        0.652     0.988    design_1_i/axi_smc/inst/clk_map/psr_aclk/U0/aclk
    SLICE_X56Y118        FDRE                                         r  design_1_i/axi_smc/inst/clk_map/psr_aclk/U0/ACTIVE_LOW_BSR_OUT_DFF[0].FDRE_BSR_N/C
  -------------------------------------------------------------------    -------------------
    SLICE_X56Y118        FDRE (Prop_fdre_C_Q)         0.141     1.129 r  design_1_i/axi_smc/inst/clk_map/psr_aclk/U0/ACTIVE_LOW_BSR_OUT_DFF[0].FDRE_BSR_N/Q
                         net (fo=20, routed)          0.290     1.419    design_1_i/axi_smc/inst/m00_nodes/m00_b_node/inst/s_sc_xpm_cdc_async_rst_inst/src_arst
    SLICE_X57Y117        LUT1 (Prop_lut1_I0_O)        0.045     1.464 f  design_1_i/axi_smc/inst/m00_nodes/m00_b_node/inst/s_sc_xpm_cdc_async_rst_inst/arststages_ff[2]_i_1/O
                         net (fo=3, routed)           0.175     1.639    design_1_i/axi_smc/inst/m00_nodes/m00_b_node/inst/s_sc_xpm_cdc_async_rst_inst/reset_pol
    SLICE_X57Y116        FDCE                                         f  design_1_i/axi_smc/inst/m00_nodes/m00_b_node/inst/s_sc_xpm_cdc_async_rst_inst/arststages_ff_reg[2]/CLR
  -------------------------------------------------------------------    -------------------

                         (clock clk_fpga_0 rise edge)
                                                      0.000     0.000 r  
    PS7_X0Y0             PS7                          0.000     0.000 r  design_1_i/processing_system7_0/inst/PS7_i/FCLKCLK[0]
                         net (fo=1, routed)           0.337     0.337    design_1_i/processing_system7_0/inst/FCLK_CLK_unbuffered[0]
    BUFGCTRL_X0Y16       BUFG (Prop_bufg_I_O)         0.029     0.366 r  design_1_i/processing_system7_0/inst/buffer_fclk_clk_0.FCLK_CLK_0_BUFG/O
                         net (fo=5198, routed)        0.926     1.292    design_1_i/axi_smc/inst/m00_nodes/m00_b_node/inst/s_sc_xpm_cdc_async_rst_inst/dest_clk
    SLICE_X57Y116        FDCE                                         r  design_1_i/axi_smc/inst/m00_nodes/m00_b_node/inst/s_sc_xpm_cdc_async_rst_inst/arststages_ff_reg[2]/C

Slack:                    inf
  Source:                 design_1_i/axi_smc/inst/clk_map/psr_aclk/U0/ACTIVE_LOW_BSR_OUT_DFF[0].FDRE_BSR_N/C
                            (rising edge-triggered cell FDRE clocked by clk_fpga_0  {rise@0.000ns fall@10.000ns period=20.000ns})
  Destination:            design_1_i/axi_smc/inst/m01_nodes/m01_aw_node/inst/s_sc_xpm_cdc_async_rst_inst/arststages_ff_reg[0]/CLR
                            (removal check against rising-edge clock clk_fpga_0  {rise@0.000ns fall@10.000ns period=20.000ns})
  Path Group:             (none)
  Path Type:              Removal (Min at Fast Process Corner)
  Data Path Delay:        0.703ns  (logic 0.185ns (26.314%)  route 0.518ns (73.686%))
  Logic Levels:           1  (LUT1=1)
  Clock Path Skew:        0.303ns (DCD - SCD - CPR)
    Destination Clock Delay (DCD):    1.291ns
    Source Clock Delay      (SCD):    0.988ns
    Clock Pessimism Removal (CPR):    -0.000ns
  Clock Uncertainty:      0.302ns  ((TSJ^2 + TIJ^2)^1/2 + DJ) / 2 + PE
    Total System Jitter     (TSJ):    0.071ns
    Total Input Jitter      (TIJ):    0.600ns
    Discrete Jitter          (DJ):    0.000ns
    Phase Error              (PE):    0.000ns
  Timing Exception:       False Path

    Location             Delay type                Incr(ns)  Path(ns)    Netlist Resource(s)
  -------------------------------------------------------------------    -------------------
                         (clock clk_fpga_0 rise edge)
                                                      0.000     0.000 r  
    PS7_X0Y0             PS7                          0.000     0.000 r  design_1_i/processing_system7_0/inst/PS7_i/FCLKCLK[0]
                         net (fo=1, routed)           0.310     0.310    design_1_i/processing_system7_0/inst/FCLK_CLK_unbuffered[0]
    BUFGCTRL_X0Y16       BUFG (Prop_bufg_I_O)         0.026     0.336 r  design_1_i/processing_system7_0/inst/buffer_fclk_clk_0.FCLK_CLK_0_BUFG/O
                         net (fo=5198, routed)        0.652     0.988    design_1_i/axi_smc/inst/clk_map/psr_aclk/U0/aclk
    SLICE_X56Y118        FDRE                                         r  design_1_i/axi_smc/inst/clk_map/psr_aclk/U0/ACTIVE_LOW_BSR_OUT_DFF[0].FDRE_BSR_N/C
  -------------------------------------------------------------------    -------------------
    SLICE_X56Y118        FDRE (Prop_fdre_C_Q)         0.141     1.129 r  design_1_i/axi_smc/inst/clk_map/psr_aclk/U0/ACTIVE_LOW_BSR_OUT_DFF[0].FDRE_BSR_N/Q
                         net (fo=20, routed)          0.290     1.419    design_1_i/axi_smc/inst/m01_nodes/m01_aw_node/inst/s_sc_xpm_cdc_async_rst_inst/src_arst
    SLICE_X57Y117        LUT1 (Prop_lut1_I0_O)        0.044     1.463 f  design_1_i/axi_smc/inst/m01_nodes/m01_aw_node/inst/s_sc_xpm_cdc_async_rst_inst/arststages_ff[2]_i_1/O
                         net (fo=3, routed)           0.228     1.691    design_1_i/axi_smc/inst/m01_nodes/m01_aw_node/inst/s_sc_xpm_cdc_async_rst_inst/reset_pol
    SLICE_X57Y117        FDCE                                         f  design_1_i/axi_smc/inst/m01_nodes/m01_aw_node/inst/s_sc_xpm_cdc_async_rst_inst/arststages_ff_reg[0]/CLR
  -------------------------------------------------------------------    -------------------

                         (clock clk_fpga_0 rise edge)
                                                      0.000     0.000 r  
    PS7_X0Y0             PS7                          0.000     0.000 r  design_1_i/processing_system7_0/inst/PS7_i/FCLKCLK[0]
                         net (fo=1, routed)           0.337     0.337    design_1_i/processing_system7_0/inst/FCLK_CLK_unbuffered[0]
    BUFGCTRL_X0Y16       BUFG (Prop_bufg_I_O)         0.029     0.366 r  design_1_i/processing_system7_0/inst/buffer_fclk_clk_0.FCLK_CLK_0_BUFG/O
                         net (fo=5198, routed)        0.925     1.291    design_1_i/axi_smc/inst/m01_nodes/m01_aw_node/inst/s_sc_xpm_cdc_async_rst_inst/dest_clk
    SLICE_X57Y117        FDCE                                         r  design_1_i/axi_smc/inst/m01_nodes/m01_aw_node/inst/s_sc_xpm_cdc_async_rst_inst/arststages_ff_reg[0]/C

Slack:                    inf
  Source:                 design_1_i/axi_smc/inst/clk_map/psr_aclk/U0/ACTIVE_LOW_BSR_OUT_DFF[0].FDRE_BSR_N/C
                            (rising edge-triggered cell FDRE clocked by clk_fpga_0  {rise@0.000ns fall@10.000ns period=20.000ns})
  Destination:            design_1_i/axi_smc/inst/m01_nodes/m01_aw_node/inst/s_sc_xpm_cdc_async_rst_inst/arststages_ff_reg[1]/CLR
                            (removal check against rising-edge clock clk_fpga_0  {rise@0.000ns fall@10.000ns period=20.000ns})
  Path Group:             (none)
  Path Type:              Removal (Min at Fast Process Corner)
  Data Path Delay:        0.703ns  (logic 0.185ns (26.314%)  route 0.518ns (73.686%))
  Logic Levels:           1  (LUT1=1)
  Clock Path Skew:        0.303ns (DCD - SCD - CPR)
    Destination Clock Delay (DCD):    1.291ns
    Source Clock Delay      (SCD):    0.988ns
    Clock Pessimism Removal (CPR):    -0.000ns
  Clock Uncertainty:      0.302ns  ((TSJ^2 + TIJ^2)^1/2 + DJ) / 2 + PE
    Total System Jitter     (TSJ):    0.071ns
    Total Input Jitter      (TIJ):    0.600ns
    Discrete Jitter          (DJ):    0.000ns
    Phase Error              (PE):    0.000ns
  Timing Exception:       False Path

    Location             Delay type                Incr(ns)  Path(ns)    Netlist Resource(s)
  -------------------------------------------------------------------    -------------------
                         (clock clk_fpga_0 rise edge)
                                                      0.000     0.000 r  
    PS7_X0Y0             PS7                          0.000     0.000 r  design_1_i/processing_system7_0/inst/PS7_i/FCLKCLK[0]
                         net (fo=1, routed)           0.310     0.310    design_1_i/processing_system7_0/inst/FCLK_CLK_unbuffered[0]
    BUFGCTRL_X0Y16       BUFG (Prop_bufg_I_O)         0.026     0.336 r  design_1_i/processing_system7_0/inst/buffer_fclk_clk_0.FCLK_CLK_0_BUFG/O
                         net (fo=5198, routed)        0.652     0.988    design_1_i/axi_smc/inst/clk_map/psr_aclk/U0/aclk
    SLICE_X56Y118        FDRE                                         r  design_1_i/axi_smc/inst/clk_map/psr_aclk/U0/ACTIVE_LOW_BSR_OUT_DFF[0].FDRE_BSR_N/C
  -------------------------------------------------------------------    -------------------
    SLICE_X56Y118        FDRE (Prop_fdre_C_Q)         0.141     1.129 r  design_1_i/axi_smc/inst/clk_map/psr_aclk/U0/ACTIVE_LOW_BSR_OUT_DFF[0].FDRE_BSR_N/Q
                         net (fo=20, routed)          0.290     1.419    design_1_i/axi_smc/inst/m01_nodes/m01_aw_node/inst/s_sc_xpm_cdc_async_rst_inst/src_arst
    SLICE_X57Y117        LUT1 (Prop_lut1_I0_O)        0.044     1.463 f  design_1_i/axi_smc/inst/m01_nodes/m01_aw_node/inst/s_sc_xpm_cdc_async_rst_inst/arststages_ff[2]_i_1/O
                         net (fo=3, routed)           0.228     1.691    design_1_i/axi_smc/inst/m01_nodes/m01_aw_node/inst/s_sc_xpm_cdc_async_rst_inst/reset_pol
    SLICE_X57Y117        FDCE                                         f  design_1_i/axi_smc/inst/m01_nodes/m01_aw_node/inst/s_sc_xpm_cdc_async_rst_inst/arststages_ff_reg[1]/CLR
  -------------------------------------------------------------------    -------------------

                         (clock clk_fpga_0 rise edge)
                                                      0.000     0.000 r  
    PS7_X0Y0             PS7                          0.000     0.000 r  design_1_i/processing_system7_0/inst/PS7_i/FCLKCLK[0]
                         net (fo=1, routed)           0.337     0.337    design_1_i/processing_system7_0/inst/FCLK_CLK_unbuffered[0]
    BUFGCTRL_X0Y16       BUFG (Prop_bufg_I_O)         0.029     0.366 r  design_1_i/processing_system7_0/inst/buffer_fclk_clk_0.FCLK_CLK_0_BUFG/O
                         net (fo=5198, routed)        0.925     1.291    design_1_i/axi_smc/inst/m01_nodes/m01_aw_node/inst/s_sc_xpm_cdc_async_rst_inst/dest_clk
    SLICE_X57Y117        FDCE                                         r  design_1_i/axi_smc/inst/m01_nodes/m01_aw_node/inst/s_sc_xpm_cdc_async_rst_inst/arststages_ff_reg[1]/C

Slack:                    inf
  Source:                 design_1_i/axi_smc/inst/clk_map/psr_aclk/U0/ACTIVE_LOW_BSR_OUT_DFF[0].FDRE_BSR_N/C
                            (rising edge-triggered cell FDRE clocked by clk_fpga_0  {rise@0.000ns fall@10.000ns period=20.000ns})
  Destination:            design_1_i/axi_smc/inst/m01_nodes/m01_aw_node/inst/s_sc_xpm_cdc_async_rst_inst/arststages_ff_reg[2]/CLR
                            (removal check against rising-edge clock clk_fpga_0  {rise@0.000ns fall@10.000ns period=20.000ns})
  Path Group:             (none)
  Path Type:              Removal (Min at Fast Process Corner)
  Data Path Delay:        0.703ns  (logic 0.185ns (26.314%)  route 0.518ns (73.686%))
  Logic Levels:           1  (LUT1=1)
  Clock Path Skew:        0.303ns (DCD - SCD - CPR)
    Destination Clock Delay (DCD):    1.291ns
    Source Clock Delay      (SCD):    0.988ns
    Clock Pessimism Removal (CPR):    -0.000ns
  Clock Uncertainty:      0.302ns  ((TSJ^2 + TIJ^2)^1/2 + DJ) / 2 + PE
    Total System Jitter     (TSJ):    0.071ns
    Total Input Jitter      (TIJ):    0.600ns
    Discrete Jitter          (DJ):    0.000ns
    Phase Error              (PE):    0.000ns
  Timing Exception:       False Path

    Location             Delay type                Incr(ns)  Path(ns)    Netlist Resource(s)
  -------------------------------------------------------------------    -------------------
                         (clock clk_fpga_0 rise edge)
                                                      0.000     0.000 r  
    PS7_X0Y0             PS7                          0.000     0.000 r  design_1_i/processing_system7_0/inst/PS7_i/FCLKCLK[0]
                         net (fo=1, routed)           0.310     0.310    design_1_i/processing_system7_0/inst/FCLK_CLK_unbuffered[0]
    BUFGCTRL_X0Y16       BUFG (Prop_bufg_I_O)         0.026     0.336 r  design_1_i/processing_system7_0/inst/buffer_fclk_clk_0.FCLK_CLK_0_BUFG/O
                         net (fo=5198, routed)        0.652     0.988    design_1_i/axi_smc/inst/clk_map/psr_aclk/U0/aclk
    SLICE_X56Y118        FDRE                                         r  design_1_i/axi_smc/inst/clk_map/psr_aclk/U0/ACTIVE_LOW_BSR_OUT_DFF[0].FDRE_BSR_N/C
  -------------------------------------------------------------------    -------------------
    SLICE_X56Y118        FDRE (Prop_fdre_C_Q)         0.141     1.129 r  design_1_i/axi_smc/inst/clk_map/psr_aclk/U0/ACTIVE_LOW_BSR_OUT_DFF[0].FDRE_BSR_N/Q
                         net (fo=20, routed)          0.290     1.419    design_1_i/axi_smc/inst/m01_nodes/m01_aw_node/inst/s_sc_xpm_cdc_async_rst_inst/src_arst
    SLICE_X57Y117        LUT1 (Prop_lut1_I0_O)        0.044     1.463 f  design_1_i/axi_smc/inst/m01_nodes/m01_aw_node/inst/s_sc_xpm_cdc_async_rst_inst/arststages_ff[2]_i_1/O
                         net (fo=3, routed)           0.228     1.691    design_1_i/axi_smc/inst/m01_nodes/m01_aw_node/inst/s_sc_xpm_cdc_async_rst_inst/reset_pol
    SLICE_X57Y117        FDCE                                         f  design_1_i/axi_smc/inst/m01_nodes/m01_aw_node/inst/s_sc_xpm_cdc_async_rst_inst/arststages_ff_reg[2]/CLR
  -------------------------------------------------------------------    -------------------

                         (clock clk_fpga_0 rise edge)
                                                      0.000     0.000 r  
    PS7_X0Y0             PS7                          0.000     0.000 r  design_1_i/processing_system7_0/inst/PS7_i/FCLKCLK[0]
                         net (fo=1, routed)           0.337     0.337    design_1_i/processing_system7_0/inst/FCLK_CLK_unbuffered[0]
    BUFGCTRL_X0Y16       BUFG (Prop_bufg_I_O)         0.029     0.366 r  design_1_i/processing_system7_0/inst/buffer_fclk_clk_0.FCLK_CLK_0_BUFG/O
                         net (fo=5198, routed)        0.925     1.291    design_1_i/axi_smc/inst/m01_nodes/m01_aw_node/inst/s_sc_xpm_cdc_async_rst_inst/dest_clk
    SLICE_X57Y117        FDCE                                         r  design_1_i/axi_smc/inst/m01_nodes/m01_aw_node/inst/s_sc_xpm_cdc_async_rst_inst/arststages_ff_reg[2]/C

Slack:                    inf
  Source:                 design_1_i/axi_smc/inst/clk_map/psr_aclk/U0/ACTIVE_LOW_BSR_OUT_DFF[0].FDRE_BSR_N/C
                            (rising edge-triggered cell FDRE clocked by clk_fpga_0  {rise@0.000ns fall@10.000ns period=20.000ns})
  Destination:            design_1_i/axi_smc/inst/m00_nodes/m00_aw_node/inst/s_sc_xpm_cdc_async_rst_inst/arststages_ff_reg[0]/CLR
                            (removal check against rising-edge clock clk_fpga_0  {rise@0.000ns fall@10.000ns period=20.000ns})
  Path Group:             (none)
  Path Type:              Removal (Min at Fast Process Corner)
  Data Path Delay:        0.879ns  (logic 0.186ns (21.156%)  route 0.693ns (78.844%))
  Logic Levels:           1  (LUT1=1)
  Clock Path Skew:        0.277ns (DCD - SCD - CPR)
    Destination Clock Delay (DCD):    1.265ns
    Source Clock Delay      (SCD):    0.988ns
    Clock Pessimism Removal (CPR):    -0.000ns
  Clock Uncertainty:      0.302ns  ((TSJ^2 + TIJ^2)^1/2 + DJ) / 2 + PE
    Total System Jitter     (TSJ):    0.071ns
    Total Input Jitter      (TIJ):    0.600ns
    Discrete Jitter          (DJ):    0.000ns
    Phase Error              (PE):    0.000ns
  Timing Exception:       False Path

    Location             Delay type                Incr(ns)  Path(ns)    Netlist Resource(s)
  -------------------------------------------------------------------    -------------------
                         (clock clk_fpga_0 rise edge)
                                                      0.000     0.000 r  
    PS7_X0Y0             PS7                          0.000     0.000 r  design_1_i/processing_system7_0/inst/PS7_i/FCLKCLK[0]
                         net (fo=1, routed)           0.310     0.310    design_1_i/processing_system7_0/inst/FCLK_CLK_unbuffered[0]
    BUFGCTRL_X0Y16       BUFG (Prop_bufg_I_O)         0.026     0.336 r  design_1_i/processing_system7_0/inst/buffer_fclk_clk_0.FCLK_CLK_0_BUFG/O
                         net (fo=5198, routed)        0.652     0.988    design_1_i/axi_smc/inst/clk_map/psr_aclk/U0/aclk
    SLICE_X56Y118        FDRE                                         r  design_1_i/axi_smc/inst/clk_map/psr_aclk/U0/ACTIVE_LOW_BSR_OUT_DFF[0].FDRE_BSR_N/C
  -------------------------------------------------------------------    -------------------
    SLICE_X56Y118        FDRE (Prop_fdre_C_Q)         0.141     1.129 r  design_1_i/axi_smc/inst/clk_map/psr_aclk/U0/ACTIVE_LOW_BSR_OUT_DFF[0].FDRE_BSR_N/Q
                         net (fo=20, routed)          0.462     1.591    design_1_i/axi_smc/inst/m00_nodes/m00_aw_node/inst/s_sc_xpm_cdc_async_rst_inst/src_arst
    SLICE_X51Y116        LUT1 (Prop_lut1_I0_O)        0.045     1.636 f  design_1_i/axi_smc/inst/m00_nodes/m00_aw_node/inst/s_sc_xpm_cdc_async_rst_inst/arststages_ff[2]_i_1/O
                         net (fo=3, routed)           0.231     1.867    design_1_i/axi_smc/inst/m00_nodes/m00_aw_node/inst/s_sc_xpm_cdc_async_rst_inst/reset_pol
    SLICE_X51Y116        FDCE                                         f  design_1_i/axi_smc/inst/m00_nodes/m00_aw_node/inst/s_sc_xpm_cdc_async_rst_inst/arststages_ff_reg[0]/CLR
  -------------------------------------------------------------------    -------------------

                         (clock clk_fpga_0 rise edge)
                                                      0.000     0.000 r  
    PS7_X0Y0             PS7                          0.000     0.000 r  design_1_i/processing_system7_0/inst/PS7_i/FCLKCLK[0]
                         net (fo=1, routed)           0.337     0.337    design_1_i/processing_system7_0/inst/FCLK_CLK_unbuffered[0]
    BUFGCTRL_X0Y16       BUFG (Prop_bufg_I_O)         0.029     0.366 r  design_1_i/processing_system7_0/inst/buffer_fclk_clk_0.FCLK_CLK_0_BUFG/O
                         net (fo=5198, routed)        0.899     1.265    design_1_i/axi_smc/inst/m00_nodes/m00_aw_node/inst/s_sc_xpm_cdc_async_rst_inst/dest_clk
    SLICE_X51Y116        FDCE                                         r  design_1_i/axi_smc/inst/m00_nodes/m00_aw_node/inst/s_sc_xpm_cdc_async_rst_inst/arststages_ff_reg[0]/C

Slack:                    inf
  Source:                 design_1_i/axi_smc/inst/clk_map/psr_aclk/U0/ACTIVE_LOW_BSR_OUT_DFF[0].FDRE_BSR_N/C
                            (rising edge-triggered cell FDRE clocked by clk_fpga_0  {rise@0.000ns fall@10.000ns period=20.000ns})
  Destination:            design_1_i/axi_smc/inst/m00_nodes/m00_aw_node/inst/s_sc_xpm_cdc_async_rst_inst/arststages_ff_reg[1]/CLR
                            (removal check against rising-edge clock clk_fpga_0  {rise@0.000ns fall@10.000ns period=20.000ns})
  Path Group:             (none)
  Path Type:              Removal (Min at Fast Process Corner)
  Data Path Delay:        0.879ns  (logic 0.186ns (21.156%)  route 0.693ns (78.844%))
  Logic Levels:           1  (LUT1=1)
  Clock Path Skew:        0.277ns (DCD - SCD - CPR)
    Destination Clock Delay (DCD):    1.265ns
    Source Clock Delay      (SCD):    0.988ns
    Clock Pessimism Removal (CPR):    -0.000ns
  Clock Uncertainty:      0.302ns  ((TSJ^2 + TIJ^2)^1/2 + DJ) / 2 + PE
    Total System Jitter     (TSJ):    0.071ns
    Total Input Jitter      (TIJ):    0.600ns
    Discrete Jitter          (DJ):    0.000ns
    Phase Error              (PE):    0.000ns
  Timing Exception:       False Path

    Location             Delay type                Incr(ns)  Path(ns)    Netlist Resource(s)
  -------------------------------------------------------------------    -------------------
                         (clock clk_fpga_0 rise edge)
                                                      0.000     0.000 r  
    PS7_X0Y0             PS7                          0.000     0.000 r  design_1_i/processing_system7_0/inst/PS7_i/FCLKCLK[0]
                         net (fo=1, routed)           0.310     0.310    design_1_i/processing_system7_0/inst/FCLK_CLK_unbuffered[0]
    BUFGCTRL_X0Y16       BUFG (Prop_bufg_I_O)         0.026     0.336 r  design_1_i/processing_system7_0/inst/buffer_fclk_clk_0.FCLK_CLK_0_BUFG/O
                         net (fo=5198, routed)        0.652     0.988    design_1_i/axi_smc/inst/clk_map/psr_aclk/U0/aclk
    SLICE_X56Y118        FDRE                                         r  design_1_i/axi_smc/inst/clk_map/psr_aclk/U0/ACTIVE_LOW_BSR_OUT_DFF[0].FDRE_BSR_N/C
  -------------------------------------------------------------------    -------------------
    SLICE_X56Y118        FDRE (Prop_fdre_C_Q)         0.141     1.129 r  design_1_i/axi_smc/inst/clk_map/psr_aclk/U0/ACTIVE_LOW_BSR_OUT_DFF[0].FDRE_BSR_N/Q
                         net (fo=20, routed)          0.462     1.591    design_1_i/axi_smc/inst/m00_nodes/m00_aw_node/inst/s_sc_xpm_cdc_async_rst_inst/src_arst
    SLICE_X51Y116        LUT1 (Prop_lut1_I0_O)        0.045     1.636 f  design_1_i/axi_smc/inst/m00_nodes/m00_aw_node/inst/s_sc_xpm_cdc_async_rst_inst/arststages_ff[2]_i_1/O
                         net (fo=3, routed)           0.231     1.867    design_1_i/axi_smc/inst/m00_nodes/m00_aw_node/inst/s_sc_xpm_cdc_async_rst_inst/reset_pol
    SLICE_X51Y116        FDCE                                         f  design_1_i/axi_smc/inst/m00_nodes/m00_aw_node/inst/s_sc_xpm_cdc_async_rst_inst/arststages_ff_reg[1]/CLR
  -------------------------------------------------------------------    -------------------

                         (clock clk_fpga_0 rise edge)
                                                      0.000     0.000 r  
    PS7_X0Y0             PS7                          0.000     0.000 r  design_1_i/processing_system7_0/inst/PS7_i/FCLKCLK[0]
                         net (fo=1, routed)           0.337     0.337    design_1_i/processing_system7_0/inst/FCLK_CLK_unbuffered[0]
    BUFGCTRL_X0Y16       BUFG (Prop_bufg_I_O)         0.029     0.366 r  design_1_i/processing_system7_0/inst/buffer_fclk_clk_0.FCLK_CLK_0_BUFG/O
                         net (fo=5198, routed)        0.899     1.265    design_1_i/axi_smc/inst/m00_nodes/m00_aw_node/inst/s_sc_xpm_cdc_async_rst_inst/dest_clk
    SLICE_X51Y116        FDCE                                         r  design_1_i/axi_smc/inst/m00_nodes/m00_aw_node/inst/s_sc_xpm_cdc_async_rst_inst/arststages_ff_reg[1]/C

Slack:                    inf
  Source:                 design_1_i/axi_smc/inst/clk_map/psr_aclk/U0/ACTIVE_LOW_BSR_OUT_DFF[0].FDRE_BSR_N/C
                            (rising edge-triggered cell FDRE clocked by clk_fpga_0  {rise@0.000ns fall@10.000ns period=20.000ns})
  Destination:            design_1_i/axi_smc/inst/m00_nodes/m00_aw_node/inst/s_sc_xpm_cdc_async_rst_inst/arststages_ff_reg[2]/CLR
                            (removal check against rising-edge clock clk_fpga_0  {rise@0.000ns fall@10.000ns period=20.000ns})
  Path Group:             (none)
  Path Type:              Removal (Min at Fast Process Corner)
  Data Path Delay:        0.879ns  (logic 0.186ns (21.156%)  route 0.693ns (78.844%))
  Logic Levels:           1  (LUT1=1)
  Clock Path Skew:        0.277ns (DCD - SCD - CPR)
    Destination Clock Delay (DCD):    1.265ns
    Source Clock Delay      (SCD):    0.988ns
    Clock Pessimism Removal (CPR):    -0.000ns
  Clock Uncertainty:      0.302ns  ((TSJ^2 + TIJ^2)^1/2 + DJ) / 2 + PE
    Total System Jitter     (TSJ):    0.071ns
    Total Input Jitter      (TIJ):    0.600ns
    Discrete Jitter          (DJ):    0.000ns
    Phase Error              (PE):    0.000ns
  Timing Exception:       False Path

    Location             Delay type                Incr(ns)  Path(ns)    Netlist Resource(s)
  -------------------------------------------------------------------    -------------------
                         (clock clk_fpga_0 rise edge)
                                                      0.000     0.000 r  
    PS7_X0Y0             PS7                          0.000     0.000 r  design_1_i/processing_system7_0/inst/PS7_i/FCLKCLK[0]
                         net (fo=1, routed)           0.310     0.310    design_1_i/processing_system7_0/inst/FCLK_CLK_unbuffered[0]
    BUFGCTRL_X0Y16       BUFG (Prop_bufg_I_O)         0.026     0.336 r  design_1_i/processing_system7_0/inst/buffer_fclk_clk_0.FCLK_CLK_0_BUFG/O
                         net (fo=5198, routed)        0.652     0.988    design_1_i/axi_smc/inst/clk_map/psr_aclk/U0/aclk
    SLICE_X56Y118        FDRE                                         r  design_1_i/axi_smc/inst/clk_map/psr_aclk/U0/ACTIVE_LOW_BSR_OUT_DFF[0].FDRE_BSR_N/C
  -------------------------------------------------------------------    -------------------
    SLICE_X56Y118        FDRE (Prop_fdre_C_Q)         0.141     1.129 r  design_1_i/axi_smc/inst/clk_map/psr_aclk/U0/ACTIVE_LOW_BSR_OUT_DFF[0].FDRE_BSR_N/Q
                         net (fo=20, routed)          0.462     1.591    design_1_i/axi_smc/inst/m00_nodes/m00_aw_node/inst/s_sc_xpm_cdc_async_rst_inst/src_arst
    SLICE_X51Y116        LUT1 (Prop_lut1_I0_O)        0.045     1.636 f  design_1_i/axi_smc/inst/m00_nodes/m00_aw_node/inst/s_sc_xpm_cdc_async_rst_inst/arststages_ff[2]_i_1/O
                         net (fo=3, routed)           0.231     1.867    design_1_i/axi_smc/inst/m00_nodes/m00_aw_node/inst/s_sc_xpm_cdc_async_rst_inst/reset_pol
    SLICE_X51Y116        FDCE                                         f  design_1_i/axi_smc/inst/m00_nodes/m00_aw_node/inst/s_sc_xpm_cdc_async_rst_inst/arststages_ff_reg[2]/CLR
  -------------------------------------------------------------------    -------------------

                         (clock clk_fpga_0 rise edge)
                                                      0.000     0.000 r  
    PS7_X0Y0             PS7                          0.000     0.000 r  design_1_i/processing_system7_0/inst/PS7_i/FCLKCLK[0]
                         net (fo=1, routed)           0.337     0.337    design_1_i/processing_system7_0/inst/FCLK_CLK_unbuffered[0]
    BUFGCTRL_X0Y16       BUFG (Prop_bufg_I_O)         0.029     0.366 r  design_1_i/processing_system7_0/inst/buffer_fclk_clk_0.FCLK_CLK_0_BUFG/O
                         net (fo=5198, routed)        0.899     1.265    design_1_i/axi_smc/inst/m00_nodes/m00_aw_node/inst/s_sc_xpm_cdc_async_rst_inst/dest_clk
    SLICE_X51Y116        FDCE                                         r  design_1_i/axi_smc/inst/m00_nodes/m00_aw_node/inst/s_sc_xpm_cdc_async_rst_inst/arststages_ff_reg[2]/C





