Copyright 1986-2022 Xilinx, Inc. All Rights Reserved. Copyright 2022-2026 Advanced Micro Devices, Inc. All Rights Reserved.
---------------------------------------------------------------------------------------------------------------------------------------------
| Tool Version : Vivado v.2025.2.1 (win64) Build 6403652 Thu Mar 19 19:48:24 GMT 2026
| Date         : Fri Jul  3 01:53:33 2026
| Host         : LAPTOP-HBTVKKGR running 64-bit major release  (build 9200)
| Command      : report_control_sets -verbose -file design_1_wrapper_control_sets_placed.rpt
| Design       : design_1_wrapper
| Device       : xc7z020
---------------------------------------------------------------------------------------------------------------------------------------------

Control Set Information

Table of Contents
-----------------
1. Summary
2. Histogram
3. Flip-Flop Distribution
4. Detailed Control Set Information

1. Summary
----------

+----------------------------------------------------------+-------+
|                          Status                          | Count |
+----------------------------------------------------------+-------+
| Total control sets                                       |   302 |
|    Minimum number of control sets                        |   302 |
|    Addition due to synthesis replication                 |     0 |
|    Addition due to physical synthesis replication        |     0 |
| Unused register locations in slices containing registers |   994 |
+----------------------------------------------------------+-------+
* Control sets can be merged at opt_design using control_set_merge or merge_equivalent_drivers
** Run report_qor_suggestions for automated merging and remapping suggestions


2. Histogram
------------

+--------------------+-------+
|       Fanout       | Count |
+--------------------+-------+
| Total control sets |   302 |
| >= 0 to < 4        |    57 |
| >= 4 to < 6        |    49 |
| >= 6 to < 8        |    31 |
| >= 8 to < 10       |    24 |
| >= 10 to < 12      |    10 |
| >= 12 to < 14      |    36 |
| >= 14 to < 16      |     2 |
| >= 16              |    93 |
+--------------------+-------+
* Control sets can be remapped at either synth_design or opt_design


3. Flip-Flop Distribution
-------------------------

+--------------+-----------------------+------------------------+-----------------+--------------+
| Clock Enable | Synchronous Set/Reset | Asynchronous Set/Reset | Total Registers | Total Slices |
+--------------+-----------------------+------------------------+-----------------+--------------+
| No           | No                    | No                     |             362 |          141 |
| No           | No                    | Yes                    |              60 |           20 |
| No           | Yes                   | No                     |             660 |          358 |
| Yes          | No                    | No                     |            1294 |          314 |
| Yes          | No                    | Yes                    |               0 |            0 |
| Yes          | Yes                   | No                     |            2142 |          750 |
+--------------+-----------------------+------------------------+-----------------+--------------+


4. Detailed Control Set Information
-----------------------------------

+-------------------------------------------------+-------------------------------------------------------------------------------------------------------------------------------------------------------------------------------------------------------+------------------------------------------------------------------------------------------------------------------------------------------------------------------------------------------+------------------+----------------+--------------+
|                   Clock Signal                  |                                                                                             Enable Signal                                                                                             |                                                                                     Set/Reset Signal                                                                                     | Slice Load Count | Bel Load Count | Bels / Slice |
+-------------------------------------------------+-------------------------------------------------------------------------------------------------------------------------------------------------------------------------------------------------------+------------------------------------------------------------------------------------------------------------------------------------------------------------------------------------------+------------------+----------------+--------------+
|  design_1_i/processing_system7_0/inst/FCLK_CLK0 |                                                                                                                                                                                                       | design_1_i/axi_smc/inst/m00_nodes/m00_w_node/inst/s_sc_areset_pipe                                                                                                                       |                1 |              1 |         1.00 |
|  design_1_i/processing_system7_0/inst/FCLK_CLK0 |                                                                                                                                                                                                       | design_1_i/axi_smc/inst/m00_nodes/m00_r_node/inst/mi_handler_m_sc_areset                                                                                                                 |                1 |              1 |         1.00 |
|  design_1_i/processing_system7_0/inst/FCLK_CLK0 |                                                                                                                                                                                                       | design_1_i/axi_smc/inst/s00_nodes/s00_aw_node/inst/mi_handler_m_sc_areset                                                                                                                |                1 |              1 |         1.00 |
|  design_1_i/processing_system7_0/inst/FCLK_CLK0 |                                                                                                                                                                                                       | design_1_i/axi_smc/inst/m00_nodes/m00_b_node/inst/s_sc_areset_pipe                                                                                                                       |                1 |              1 |         1.00 |
|  design_1_i/processing_system7_0/inst/FCLK_CLK0 |                                                                                                                                                                                                       | design_1_i/axi_smc/inst/m00_nodes/m00_b_node/inst/mi_handler_m_sc_areset                                                                                                                 |                1 |              1 |         1.00 |
|  design_1_i/processing_system7_0/inst/FCLK_CLK0 |                                                                                                                                                                                                       | design_1_i/axi_smc/inst/s00_nodes/s00_ar_node/inst/s_sc_areset_pipe                                                                                                                      |                1 |              1 |         1.00 |
|  design_1_i/processing_system7_0/inst/FCLK_CLK0 |                                                                                                                                                                                                       | design_1_i/axi_smc/inst/m00_nodes/m00_ar_node/inst/s_sc_areset_pipe                                                                                                                      |                1 |              1 |         1.00 |
|  design_1_i/processing_system7_0/inst/FCLK_CLK0 |                                                                                                                                                                                                       | design_1_i/axi_smc/inst/m01_nodes/m01_r_node/inst/s_sc_areset_pipe                                                                                                                       |                1 |              1 |         1.00 |
|  design_1_i/processing_system7_0/inst/FCLK_CLK0 |                                                                                                                                                                                                       | design_1_i/axi_smc/inst/m00_nodes/m00_ar_node/inst/mi_handler_m_sc_areset                                                                                                                |                1 |              1 |         1.00 |
|  design_1_i/processing_system7_0/inst/FCLK_CLK0 |                                                                                                                                                                                                       | design_1_i/axi_smc/inst/m00_nodes/m00_r_node/inst/s_sc_areset_pipe                                                                                                                       |                1 |              1 |         1.00 |
|  design_1_i/processing_system7_0/inst/FCLK_CLK0 |                                                                                                                                                                                                       | design_1_i/axi_smc/inst/s00_nodes/s00_ar_node/inst/mi_handler_m_sc_areset                                                                                                                |                1 |              1 |         1.00 |
|  design_1_i/processing_system7_0/inst/FCLK_CLK0 |                                                                                                                                                                                                       | design_1_i/axi_smc/inst/s00_nodes/s00_aw_node/inst/s_sc_areset_pipe                                                                                                                      |                1 |              1 |         1.00 |
|  design_1_i/processing_system7_0/inst/FCLK_CLK0 |                                                                                                                                                                                                       | design_1_i/axi_smc/inst/m01_nodes/m01_r_node/inst/mi_handler_m_sc_areset                                                                                                                 |                1 |              1 |         1.00 |
|  design_1_i/processing_system7_0/inst/FCLK_CLK0 |                                                                                                                                                                                                       | design_1_i/axi_smc/inst/m00_nodes/m00_w_node/inst/mi_handler_m_sc_areset                                                                                                                 |                1 |              1 |         1.00 |
|  design_1_i/processing_system7_0/inst/FCLK_CLK0 |                                                                                                                                                                                                       | design_1_i/axi_smc/inst/m00_nodes/m00_aw_node/inst/s_sc_areset_pipe                                                                                                                      |                1 |              1 |         1.00 |
|  design_1_i/processing_system7_0/inst/FCLK_CLK0 |                                                                                                                                                                                                       | design_1_i/axi_smc/inst/m00_nodes/m00_aw_node/inst/mi_handler_m_sc_areset                                                                                                                |                1 |              1 |         1.00 |
|  design_1_i/processing_system7_0/inst/FCLK_CLK0 |                                                                                                                                                                                                       | design_1_i/axi_smc/inst/s00_nodes/s00_b_node/inst/s_sc_areset_pipe                                                                                                                       |                1 |              1 |         1.00 |
|  design_1_i/processing_system7_0/inst/FCLK_CLK0 |                                                                                                                                                                                                       | design_1_i/axi_smc/inst/m01_nodes/m01_ar_node/inst/mi_handler_m_sc_areset                                                                                                                |                1 |              1 |         1.00 |
|  design_1_i/processing_system7_0/inst/FCLK_CLK0 |                                                                                                                                                                                                       | design_1_i/axi_smc/inst/m01_nodes/m01_ar_node/inst/s_sc_areset_pipe                                                                                                                      |                1 |              1 |         1.00 |
|  design_1_i/processing_system7_0/inst/FCLK_CLK0 |                                                                                                                                                                                                       | design_1_i/axi_smc/inst/m01_nodes/m01_aw_node/inst/mi_handler_m_sc_areset                                                                                                                |                1 |              1 |         1.00 |
|  design_1_i/processing_system7_0/inst/FCLK_CLK0 |                                                                                                                                                                                                       | design_1_i/axi_smc/inst/s00_nodes/s00_w_node/inst/s_sc_areset_pipe                                                                                                                       |                1 |              1 |         1.00 |
|  design_1_i/processing_system7_0/inst/FCLK_CLK0 |                                                                                                                                                                                                       | design_1_i/axi_smc/inst/m01_nodes/m01_aw_node/inst/s_sc_areset_pipe                                                                                                                      |                1 |              1 |         1.00 |
|  design_1_i/processing_system7_0/inst/FCLK_CLK0 |                                                                                                                                                                                                       | design_1_i/axi_smc/inst/m01_nodes/m01_b_node/inst/mi_handler_m_sc_areset                                                                                                                 |                1 |              1 |         1.00 |
|  design_1_i/processing_system7_0/inst/FCLK_CLK0 |                                                                                                                                                                                                       | design_1_i/axi_smc/inst/m01_nodes/m01_b_node/inst/s_sc_areset_pipe                                                                                                                       |                1 |              1 |         1.00 |
|  design_1_i/processing_system7_0/inst/FCLK_CLK0 |                                                                                                                                                                                                       | design_1_i/axi_smc/inst/m01_nodes/m01_w_node/inst/s_sc_areset_pipe                                                                                                                       |                1 |              1 |         1.00 |
|  design_1_i/processing_system7_0/inst/FCLK_CLK0 |                                                                                                                                                                                                       | design_1_i/axi_smc/inst/m01_nodes/m01_w_node/inst/mi_handler_m_sc_areset                                                                                                                 |                1 |              1 |         1.00 |
|  design_1_i/processing_system7_0/inst/FCLK_CLK0 |                                                                                                                                                                                                       | design_1_i/axi_smc/inst/s00_nodes/s00_r_node/inst/s_sc_areset_pipe                                                                                                                       |                1 |              1 |         1.00 |
|  design_1_i/processing_system7_0/inst/FCLK_CLK0 |                                                                                                                                                                                                       | design_1_i/axi_smc/inst/s00_nodes/s00_w_node/inst/mi_handler_m_sc_areset                                                                                                                 |                1 |              1 |         1.00 |
|  design_1_i/processing_system7_0/inst/FCLK_CLK0 | design_1_i/axi_smc/inst/m01_exit_pipeline/m01_exit/inst/w_reg/skid_buffer[2052]_i_1_n_0                                                                                                               |                                                                                                                                                                                          |                2 |              2 |         1.00 |
|  design_1_i/processing_system7_0/inst/FCLK_CLK0 | design_1_i/axi_smc/inst/s00_entry_pipeline/s00_mmu/inst/gen_wroute_fifo.wroute_fifo/gen_srls[1].srl_nx1/shift_qual                                                                                    |                                                                                                                                                                                          |                1 |              2 |         2.00 |
|  design_1_i/processing_system7_0/inst/FCLK_CLK0 | design_1_i/axi_smc/inst/m01_exit_pipeline/m01_exit/inst/w_reg/m_vector_i[0]                                                                                                                           |                                                                                                                                                                                          |                2 |              2 |         1.00 |
|  design_1_i/processing_system7_0/inst/FCLK_CLK0 |                                                                                                                                                                                                       | design_1_i/axi_smc/inst/s00_entry_pipeline/s00_transaction_regulator/inst/xpm_cdc_async_rst_inst/reset_pol                                                                               |                1 |              3 |         3.00 |
|  design_1_i/processing_system7_0/inst/FCLK_CLK0 | design_1_i/axi_smc/inst/m01_exit_pipeline/m01_exit/inst/exit_inst/gen_w_cmd_fifo.w_cmd_fifo/gen_srls[3].srl_nx1/shift_qual                                                                            |                                                                                                                                                                                          |                1 |              3 |         3.00 |
|  design_1_i/processing_system7_0/inst/FCLK_CLK0 | design_1_i/axi_smc/inst/m01_exit_pipeline/m01_exit/inst/ar_reg/m_vector_i[0]                                                                                                                          |                                                                                                                                                                                          |                1 |              3 |         3.00 |
|  design_1_i/processing_system7_0/inst/FCLK_CLK0 |                                                                                                                                                                                                       | design_1_i/axi_smc/inst/m00_exit_pipeline/m00_exit/inst/xpm_cdc_async_rst_inst/reset_pol                                                                                                 |                1 |              3 |         3.00 |
|  design_1_i/processing_system7_0/inst/FCLK_CLK0 |                                                                                                                                                                                                       | design_1_i/axi_smc/inst/s00_nodes/s00_b_node/inst/s_sc_xpm_cdc_async_rst_inst/reset_pol                                                                                                  |                1 |              3 |         3.00 |
|  design_1_i/processing_system7_0/inst/FCLK_CLK0 | design_1_i/axi_smc/inst/m01_exit_pipeline/m01_exit/inst/aw_reg/m_vector_i[0]                                                                                                                          |                                                                                                                                                                                          |                1 |              3 |         3.00 |
|  design_1_i/processing_system7_0/inst/FCLK_CLK0 |                                                                                                                                                                                                       | design_1_i/axi_smc/inst/s00_nodes/s00_r_node/inst/s_sc_xpm_cdc_async_rst_inst/reset_pol                                                                                                  |                1 |              3 |         3.00 |
|  design_1_i/processing_system7_0/inst/FCLK_CLK0 | design_1_i/axi_smc/inst/m01_exit_pipeline/m01_exit/inst/aw_reg/skid_buffer[1136]_i_1__0_n_0                                                                                                           |                                                                                                                                                                                          |                1 |              3 |         3.00 |
|  design_1_i/processing_system7_0/inst/FCLK_CLK0 |                                                                                                                                                                                                       | design_1_i/axi_smc/inst/m01_exit_pipeline/m01_exit/inst/xpm_cdc_async_rst_inst/reset_pol                                                                                                 |                1 |              3 |         3.00 |
|  design_1_i/processing_system7_0/inst/FCLK_CLK0 | design_1_i/axi_smc/inst/m01_exit_pipeline/m01_exit/inst/ar_reg/skid_buffer[1136]_i_1_n_0                                                                                                              |                                                                                                                                                                                          |                1 |              3 |         3.00 |
|  design_1_i/processing_system7_0/inst/FCLK_CLK0 |                                                                                                                                                                                                       | design_1_i/axi_smc/inst/s00_nodes/s00_ar_node/inst/s_sc_xpm_cdc_async_rst_inst/reset_pol                                                                                                 |                1 |              3 |         3.00 |
|  design_1_i/processing_system7_0/inst/FCLK_CLK0 |                                                                                                                                                                                                       | design_1_i/axi_smc/inst/m01_nodes/m01_r_node/inst/s_sc_xpm_cdc_async_rst_inst/reset_pol                                                                                                  |                1 |              3 |         3.00 |
|  design_1_i/processing_system7_0/inst/FCLK_CLK0 |                                                                                                                                                                                                       | design_1_i/axi_smc/inst/m00_nodes/m00_ar_node/inst/s_sc_xpm_cdc_async_rst_inst/reset_pol                                                                                                 |                1 |              3 |         3.00 |
|  design_1_i/processing_system7_0/inst/FCLK_CLK0 | design_1_i/axi_smc/inst/m00_exit_pipeline/m00_exit/inst/exit_inst/gen_w_cmd_fifo.w_cmd_fifo/gen_srls[3].srl_nx1/shift_qual                                                                            |                                                                                                                                                                                          |                1 |              3 |         3.00 |
|  design_1_i/processing_system7_0/inst/FCLK_CLK0 |                                                                                                                                                                                                       | design_1_i/axi_smc/inst/m01_nodes/m01_b_node/inst/s_sc_xpm_cdc_async_rst_inst/reset_pol                                                                                                  |                1 |              3 |         3.00 |
|  design_1_i/processing_system7_0/inst/FCLK_CLK0 |                                                                                                                                                                                                       | design_1_i/axi_smc/inst/s00_nodes/s00_aw_node/inst/s_sc_xpm_cdc_async_rst_inst/reset_pol                                                                                                 |                1 |              3 |         3.00 |
|  design_1_i/processing_system7_0/inst/FCLK_CLK0 |                                                                                                                                                                                                       | design_1_i/axi_smc/inst/m00_nodes/m00_b_node/inst/s_sc_xpm_cdc_async_rst_inst/reset_pol                                                                                                  |                1 |              3 |         3.00 |
|  design_1_i/processing_system7_0/inst/FCLK_CLK0 |                                                                                                                                                                                                       | design_1_i/axi_smc/inst/m00_nodes/m00_r_node/inst/s_sc_xpm_cdc_async_rst_inst/reset_pol                                                                                                  |                1 |              3 |         3.00 |
|  design_1_i/processing_system7_0/inst/FCLK_CLK0 |                                                                                                                                                                                                       | design_1_i/axi_smc/inst/m01_nodes/m01_aw_node/inst/s_sc_xpm_cdc_async_rst_inst/reset_pol                                                                                                 |                1 |              3 |         3.00 |
|  design_1_i/processing_system7_0/inst/FCLK_CLK0 |                                                                                                                                                                                                       | design_1_i/axi_smc/inst/m00_nodes/m00_w_node/inst/s_sc_xpm_cdc_async_rst_inst/reset_pol                                                                                                  |                1 |              3 |         3.00 |
|  design_1_i/processing_system7_0/inst/FCLK_CLK0 |                                                                                                                                                                                                       | design_1_i/axi_smc/inst/m01_nodes/m01_ar_node/inst/s_sc_xpm_cdc_async_rst_inst/reset_pol                                                                                                 |                1 |              3 |         3.00 |
|  design_1_i/processing_system7_0/inst/FCLK_CLK0 |                                                                                                                                                                                                       | design_1_i/axi_smc/inst/s00_entry_pipeline/s00_mmu/inst/xpm_cdc_async_rst_inst/reset_pol                                                                                                 |                1 |              3 |         3.00 |
|  design_1_i/processing_system7_0/inst/FCLK_CLK0 |                                                                                                                                                                                                       | design_1_i/axi_smc/inst/m00_nodes/m00_aw_node/inst/s_sc_xpm_cdc_async_rst_inst/reset_pol                                                                                                 |                1 |              3 |         3.00 |
|  design_1_i/processing_system7_0/inst/FCLK_CLK0 |                                                                                                                                                                                                       | design_1_i/axi_smc/inst/s00_entry_pipeline/s00_si_converter/inst/xpm_cdc_async_rst_inst/reset_pol                                                                                        |                1 |              3 |         3.00 |
|  design_1_i/processing_system7_0/inst/FCLK_CLK0 |                                                                                                                                                                                                       | design_1_i/axi_smc/inst/s00_nodes/s00_w_node/inst/s_sc_xpm_cdc_async_rst_inst/reset_pol                                                                                                  |                1 |              3 |         3.00 |
|  design_1_i/processing_system7_0/inst/FCLK_CLK0 |                                                                                                                                                                                                       | design_1_i/axi_smc/inst/m01_nodes/m01_w_node/inst/s_sc_xpm_cdc_async_rst_inst/reset_pol                                                                                                  |                1 |              3 |         3.00 |
|  design_1_i/processing_system7_0/inst/FCLK_CLK0 |                                                                                                                                                                                                       | design_1_i/axi_gpio_0/U0/AXI_LITE_IPIF_I/I_SLAVE_ATTACHMENT/clear                                                                                                                        |                1 |              4 |         4.00 |
|  design_1_i/processing_system7_0/inst/FCLK_CLK0 | design_1_i/axi_smc/inst/s00_entry_pipeline/s00_transaction_regulator/inst/gen_endpoint.gen_w_multithread.w_multithread/allocate_queue/gen_srls[3].srl_nx1/shift_qual                                  |                                                                                                                                                                                          |                1 |              4 |         4.00 |
|  design_1_i/processing_system7_0/inst/FCLK_CLK0 | design_1_i/axi_smc/inst/s00_entry_pipeline/s00_si_converter/inst/gen_normal.splitter_inst/gen_no_wsplitter.gen_endpoint_woffset.gen_wbypass_offset_fifo.wbypass_offset_fifo/fifoaddr[3]_i_1__0_n_0    | design_1_i/axi_smc/inst/s00_entry_pipeline/s00_si_converter/inst/areset                                                                                                                  |                1 |              4 |         4.00 |
|  design_1_i/processing_system7_0/inst/FCLK_CLK0 |                                                                                                                                                                                                       | design_1_i/rst_ps7_0_100M/U0/EXT_LPF/lpf_int                                                                                                                                             |                2 |              4 |         2.00 |
|  design_1_i/processing_system7_0/inst/FCLK_CLK0 |                                                                                                                                                                                                       | design_1_i/axi_smc/inst/m00_nodes/m00_ar_node/inst/inst_mi_handler/m_sc_areset_r                                                                                                         |                2 |              4 |         2.00 |
|  design_1_i/processing_system7_0/inst/FCLK_CLK0 | design_1_i/axi_smc/inst/s00_entry_pipeline/s00_transaction_regulator/inst/gen_endpoint.gen_r_multithread.r_multithread/allocate_queue/gen_srls[3].srl_nx1/shift_qual                                  |                                                                                                                                                                                          |                1 |              4 |         4.00 |
|  design_1_i/processing_system7_0/inst/FCLK_CLK0 | design_1_i/axi_smc/inst/s00_entry_pipeline/s00_transaction_regulator/inst/gen_endpoint.gen_r_multithread.r_multithread/allocate_queue/free_ready                                                      | design_1_i/axi_smc/inst/s00_entry_pipeline/s00_transaction_regulator/inst/areset                                                                                                         |                1 |              4 |         4.00 |
|  design_1_i/processing_system7_0/inst/FCLK_CLK0 |                                                                                                                                                                                                       | design_1_i/axi_smc/inst/clk_map/psr_aclk/U0/EXT_LPF/lpf_int                                                                                                                              |                1 |              4 |         4.00 |
|  design_1_i/processing_system7_0/inst/FCLK_CLK0 | design_1_i/axi_smc/inst/s00_entry_pipeline/s00_transaction_regulator/inst/gen_endpoint.gen_r_multithread.r_multithread/allocate_queue/gen_pipelined.mesg_reg[0]                                       |                                                                                                                                                                                          |                2 |              4 |         2.00 |
|  design_1_i/processing_system7_0/inst/FCLK_CLK0 | design_1_i/axi_smc/inst/s00_entry_pipeline/s00_transaction_regulator/inst/gen_endpoint.gen_r_multithread.r_multithread/cmd_reg/gen_pipe.sr_aid_match_reg[1]_0                                         | design_1_i/axi_smc/inst/s00_entry_pipeline/s00_transaction_regulator/inst/gen_endpoint.gen_r_multithread.r_multithread/cmd_reg/areset_reg_1                                              |                1 |              4 |         4.00 |
|  design_1_i/processing_system7_0/inst/FCLK_CLK0 |                                                                                                                                                                                                       | design_1_i/axi_smc/inst/m00_nodes/m00_w_node/inst/inst_mi_handler/m_sc_areset_r                                                                                                          |                3 |              4 |         1.33 |
|  design_1_i/processing_system7_0/inst/FCLK_CLK0 |                                                                                                                                                                                                       | design_1_i/axi_smc/inst/m00_nodes/m00_aw_node/inst/inst_mi_handler/m_sc_areset_r                                                                                                         |                3 |              4 |         1.33 |
|  design_1_i/processing_system7_0/inst/FCLK_CLK0 | design_1_i/axi_smc/inst/s00_entry_pipeline/s00_transaction_regulator/inst/gen_endpoint.gen_r_multithread.r_multithread/cmd_reg/gen_pipe.sr_aid_match_reg[3]                                           | design_1_i/axi_smc/inst/s00_entry_pipeline/s00_transaction_regulator/inst/gen_endpoint.gen_r_multithread.r_multithread/cmd_reg/areset_reg                                                |                1 |              4 |         4.00 |
|  design_1_i/processing_system7_0/inst/FCLK_CLK0 | design_1_i/axi_smc/inst/s00_entry_pipeline/s00_transaction_regulator/inst/gen_endpoint.gen_r_multithread.r_multithread/cmd_reg/gen_pipe.sr_aid_match_reg[1]                                           |                                                                                                                                                                                          |                1 |              4 |         4.00 |
|  design_1_i/processing_system7_0/inst/FCLK_CLK0 | design_1_i/axi_smc/inst/s00_entry_pipeline/s00_transaction_regulator/inst/gen_endpoint.gen_r_multithread.r_multithread/cmd_reg/gen_pipe.sr_aid_match_reg[1]                                           | design_1_i/axi_smc/inst/s00_entry_pipeline/s00_transaction_regulator/inst/gen_endpoint.gen_r_multithread.r_multithread/cmd_reg/deadlock_d[0]                                             |                2 |              4 |         2.00 |
|  design_1_i/processing_system7_0/inst/FCLK_CLK0 |                                                                                                                                                                                                       | design_1_i/axi_smc/inst/m01_nodes/m01_ar_node/inst/inst_mi_handler/m_sc_areset_r                                                                                                         |                3 |              4 |         1.33 |
|  design_1_i/processing_system7_0/inst/FCLK_CLK0 |                                                                                                                                                                                                       | design_1_i/axi_smc/inst/m01_nodes/m01_aw_node/inst/inst_mi_handler/m_sc_areset_r                                                                                                         |                3 |              4 |         1.33 |
|  design_1_i/processing_system7_0/inst/FCLK_CLK0 | design_1_i/axi_smc/inst/s00_entry_pipeline/s00_transaction_regulator/inst/gen_endpoint.gen_r_multithread.r_multithread/cmd_reg/gen_pipe.sr_aid_match_reg[2]_0                                         | design_1_i/axi_smc/inst/s00_entry_pipeline/s00_transaction_regulator/inst/gen_endpoint.gen_r_multithread.r_multithread/cmd_reg/areset_reg_0                                              |                1 |              4 |         4.00 |
|  design_1_i/processing_system7_0/inst/FCLK_CLK0 |                                                                                                                                                                                                       | design_1_i/axi_smc/inst/m01_nodes/m01_w_node/inst/inst_mi_handler/m_sc_areset_r                                                                                                          |                2 |              4 |         2.00 |
|  design_1_i/processing_system7_0/inst/FCLK_CLK0 | design_1_i/axi_smc/inst/s00_entry_pipeline/s00_transaction_regulator/inst/gen_endpoint.gen_r_multithread.r_multithread/cmd_reg/FSM_sequential_state_reg[1]_0[0]                                       |                                                                                                                                                                                          |                2 |              4 |         2.00 |
|  design_1_i/processing_system7_0/inst/FCLK_CLK0 | design_1_i/axi_smc/inst/s00_entry_pipeline/s00_transaction_regulator/inst/gen_endpoint.gen_r_multithread.r_multithread/cmd_reg/active_cnt[0]                                                          | design_1_i/axi_smc/inst/s00_entry_pipeline/s00_transaction_regulator/inst/gen_endpoint.gen_r_multithread.r_multithread/cmd_reg/areset_reg_2                                              |                1 |              4 |         4.00 |
|  design_1_i/processing_system7_0/inst/FCLK_CLK0 |                                                                                                                                                                                                       | design_1_i/axi_smc/inst/s00_entry_pipeline/s00_transaction_regulator/inst/gen_endpoint.gen_w_multithread.w_multithread/cmd_reg/deadlock_d[0]                                             |                2 |              4 |         2.00 |
|  design_1_i/processing_system7_0/inst/FCLK_CLK0 |                                                                                                                                                                                                       | design_1_i/axi_smc/inst/s00_entry_pipeline/s00_transaction_regulator/inst/gen_endpoint.gen_r_multithread.r_multithread/cmd_reg/deadlock_d[0]                                             |                2 |              4 |         2.00 |
|  design_1_i/processing_system7_0/inst/FCLK_CLK0 |                                                                                                                                                                                                       | design_1_i/axi_smc/inst/s00_nodes/s00_r_node/inst/inst_mi_handler/m_sc_areset_r                                                                                                          |                3 |              4 |         1.33 |
|  design_1_i/processing_system7_0/inst/FCLK_CLK0 |                                                                                                                                                                                                       | design_1_i/axi_smc/inst/s00_nodes/s00_b_node/inst/inst_mi_handler/m_sc_areset_r                                                                                                          |                4 |              4 |         1.00 |
|  design_1_i/processing_system7_0/inst/FCLK_CLK0 | design_1_i/axi_gpio_0/U0/AXI_LITE_IPIF_I/I_SLAVE_ATTACHMENT/start2                                                                                                                                    | design_1_i/axi_gpio_0/U0/AXI_LITE_IPIF_I/I_SLAVE_ATTACHMENT/I_DECODER/cs_ce_clr                                                                                                          |                1 |              4 |         4.00 |
|  design_1_i/processing_system7_0/inst/FCLK_CLK0 | design_1_i/axi_gpio_0/U0/AXI_LITE_IPIF_I/I_SLAVE_ATTACHMENT/bus2ip_addr_i[8]_i_1_n_0                                                                                                                  | design_1_i/axi_gpio_0/U0/AXI_LITE_IPIF_I/I_SLAVE_ATTACHMENT/SS[0]                                                                                                                        |                1 |              4 |         4.00 |
|  design_1_i/processing_system7_0/inst/FCLK_CLK0 | design_1_i/axi_smc/inst/m00_exit_pipeline/m00_exit/inst/exit_inst/gen_r_cmd_fifo.r_cmd_fifo/fifoaddr[3]_i_1_n_0                                                                                       | design_1_i/axi_smc/inst/m00_exit_pipeline/m00_exit/inst/areset                                                                                                                           |                2 |              4 |         2.00 |
|  design_1_i/processing_system7_0/inst/FCLK_CLK0 | design_1_i/axi_smc/inst/s00_entry_pipeline/s00_transaction_regulator/inst/gen_endpoint.gen_w_multithread.w_multithread/cmd_reg/FSM_sequential_state_reg[1]_0[0]                                       |                                                                                                                                                                                          |                1 |              4 |         4.00 |
|  design_1_i/processing_system7_0/inst/FCLK_CLK0 | design_1_i/axi_smc/inst/m00_exit_pipeline/m00_exit/inst/exit_inst/gen_w_cmd_fifo.w_cmd_fifo/fifoaddr[3]_i_1__0_n_0                                                                                    | design_1_i/axi_smc/inst/m00_exit_pipeline/m00_exit/inst/areset                                                                                                                           |                1 |              4 |         4.00 |
|  design_1_i/processing_system7_0/inst/FCLK_CLK0 | design_1_i/axi_smc/inst/m01_exit_pipeline/m01_exit/inst/exit_inst/gen_w_cmd_fifo.w_cmd_fifo/fifoaddr[3]_i_1__0_n_0                                                                                    | design_1_i/axi_smc/inst/m01_exit_pipeline/m01_exit/inst/areset                                                                                                                           |                1 |              4 |         4.00 |
|  design_1_i/processing_system7_0/inst/FCLK_CLK0 | design_1_i/axi_smc/inst/s00_entry_pipeline/s00_mmu/inst/gen_wroute_fifo.wroute_fifo/fifoaddr                                                                                                          | design_1_i/axi_smc/inst/s00_entry_pipeline/s00_mmu/inst/areset                                                                                                                           |                1 |              4 |         4.00 |
|  design_1_i/processing_system7_0/inst/FCLK_CLK0 | design_1_i/axi_bram_ctrl_0/U0/gext_inst.abcv4_0_ext_inst/GEN_AXI4.I_FULL_AXI/I_RD_CHNL/GEN_NO_RD_CMD_OPT.I_WRAP_BRST/E[1]                                                                             | design_1_i/axi_bram_ctrl_0/U0/gext_inst.abcv4_0_ext_inst/GEN_AXI4.I_FULL_AXI/I_WR_CHNL/I_WRAP_BRST/SR[0]                                                                                 |                1 |              4 |         4.00 |
|  design_1_i/processing_system7_0/inst/FCLK_CLK0 | design_1_i/axi_bram_ctrl_0/U0/gext_inst.abcv4_0_ext_inst/GEN_AXI4.I_FULL_AXI/I_RD_CHNL/FSM_sequential_GEN_NO_RD_CMD_OPT.rd_data_sm_cs[3]_i_1_n_0                                                      | design_1_i/axi_bram_ctrl_0/U0/gext_inst.abcv4_0_ext_inst/GEN_AXI4.I_FULL_AXI/I_RD_CHNL/GEN_NO_RD_CMD_OPT.I_WRAP_BRST/SR[0]                                                               |                3 |              4 |         1.33 |
|  design_1_i/processing_system7_0/inst/FCLK_CLK0 | design_1_i/axi_smc/inst/m01_exit_pipeline/m01_exit/inst/splitter_inst/gen_axi4lite.axilite_conv/E[0]                                                                                                  | design_1_i/axi_smc/inst/m01_exit_pipeline/m01_exit/inst/areset                                                                                                                           |                1 |              4 |         4.00 |
|  design_1_i/processing_system7_0/inst/FCLK_CLK0 | design_1_i/axi_bram_ctrl_0/U0/gext_inst.abcv4_0_ext_inst/GEN_AXI4.I_FULL_AXI/I_WR_CHNL/wrdata_reg_ld                                                                                                  | design_1_i/axi_bram_ctrl_0/U0/gext_inst.abcv4_0_ext_inst/GEN_AXI4.I_FULL_AXI/I_WR_CHNL/GEN_WR_NO_ECC.bram_we_int[3]_i_1_n_0                                                              |                1 |              4 |         4.00 |
|  design_1_i/processing_system7_0/inst/FCLK_CLK0 | design_1_i/top_0/inst/cpu/R3/E[0]                                                                                                                                                                     | design_1_i/axi_gpio_0/U0/gpio_core_1/gpio_io_o[0]                                                                                                                                        |                1 |              4 |         4.00 |
|  design_1_i/processing_system7_0/inst/FCLK_CLK0 | design_1_i/axi_smc/inst/s00_entry_pipeline/s00_transaction_regulator/inst/gen_endpoint.gen_w_multithread.w_multithread/allocate_queue/free_ready                                                      | design_1_i/axi_smc/inst/s00_entry_pipeline/s00_transaction_regulator/inst/areset                                                                                                         |                1 |              4 |         4.00 |
|  design_1_i/processing_system7_0/inst/FCLK_CLK0 | design_1_i/axi_smc/inst/s00_entry_pipeline/s00_transaction_regulator/inst/gen_endpoint.gen_w_multithread.w_multithread/allocate_queue/gen_pipelined.mesg_reg[0]                                       |                                                                                                                                                                                          |                2 |              4 |         2.00 |
|  design_1_i/processing_system7_0/inst/FCLK_CLK0 | design_1_i/axi_smc/inst/s00_entry_pipeline/s00_transaction_regulator/inst/gen_endpoint.gen_w_multithread.w_multithread/cmd_reg/gen_pipe.sr_aid_match_reg[3]                                           | design_1_i/axi_smc/inst/s00_entry_pipeline/s00_transaction_regulator/inst/gen_endpoint.gen_w_multithread.w_multithread/cmd_reg/areset_reg                                                |                1 |              4 |         4.00 |
|  design_1_i/processing_system7_0/inst/FCLK_CLK0 | design_1_i/axi_smc/inst/s00_entry_pipeline/s00_transaction_regulator/inst/gen_endpoint.gen_w_multithread.w_multithread/cmd_reg/gen_pipe.sr_aid_match_reg[1]_0                                         | design_1_i/axi_smc/inst/s00_entry_pipeline/s00_transaction_regulator/inst/gen_endpoint.gen_w_multithread.w_multithread/cmd_reg/areset_reg_1                                              |                1 |              4 |         4.00 |
|  design_1_i/processing_system7_0/inst/FCLK_CLK0 | design_1_i/axi_smc/inst/s00_entry_pipeline/s00_transaction_regulator/inst/gen_endpoint.gen_w_multithread.w_multithread/cmd_reg/gen_pipe.sr_aid_match_reg[2]_0                                         | design_1_i/axi_smc/inst/s00_entry_pipeline/s00_transaction_regulator/inst/gen_endpoint.gen_w_multithread.w_multithread/cmd_reg/areset_reg_0                                              |                1 |              4 |         4.00 |
|  design_1_i/processing_system7_0/inst/FCLK_CLK0 | design_1_i/axi_smc/inst/s00_entry_pipeline/s00_transaction_regulator/inst/gen_endpoint.gen_w_multithread.w_multithread/cmd_reg/gen_pipe.sr_aid_match_reg[1]                                           |                                                                                                                                                                                          |                2 |              4 |         2.00 |
|  design_1_i/processing_system7_0/inst/FCLK_CLK0 | design_1_i/axi_smc/inst/s00_entry_pipeline/s00_transaction_regulator/inst/gen_endpoint.gen_w_multithread.w_multithread/cmd_reg/gen_pipe.sr_aid_match_reg[1]                                           | design_1_i/axi_smc/inst/s00_entry_pipeline/s00_transaction_regulator/inst/gen_endpoint.gen_w_multithread.w_multithread/cmd_reg/deadlock_d[0]                                             |                2 |              4 |         2.00 |
|  design_1_i/processing_system7_0/inst/FCLK_CLK0 | design_1_i/axi_smc/inst/s00_entry_pipeline/s00_transaction_regulator/inst/gen_endpoint.gen_w_multithread.w_multithread/cmd_reg/active_cnt[0]                                                          | design_1_i/axi_smc/inst/s00_entry_pipeline/s00_transaction_regulator/inst/gen_endpoint.gen_w_multithread.w_multithread/cmd_reg/areset_reg_2                                              |                1 |              4 |         4.00 |
|  design_1_i/processing_system7_0/inst/FCLK_CLK0 | design_1_i/axi_smc/inst/s00_entry_pipeline/s00_mmu/inst/aw_sreg/E[0]                                                                                                                                  | design_1_i/axi_smc/inst/s00_entry_pipeline/s00_mmu/inst/areset_d                                                                                                                         |                2 |              5 |         2.50 |
|  design_1_i/processing_system7_0/inst/FCLK_CLK0 | design_1_i/axi_smc/inst/s00_entry_pipeline/s00_si_converter/inst/converter.low_area_converter.low_area_wrap_inst/w_resp_fifo/fifoaddr[4]_i_1_n_0                                                      | design_1_i/axi_smc/inst/s00_entry_pipeline/s00_si_converter/inst/areset                                                                                                                  |                2 |              5 |         2.50 |
|  design_1_i/processing_system7_0/inst/FCLK_CLK0 | design_1_i/axi_smc/inst/s00_entry_pipeline/s00_mmu/inst/ar_sreg/E[0]                                                                                                                                  | design_1_i/axi_smc/inst/s00_entry_pipeline/s00_mmu/inst/areset                                                                                                                           |                2 |              5 |         2.50 |
|  design_1_i/processing_system7_0/inst/FCLK_CLK0 | design_1_i/axi_smc/inst/s00_entry_pipeline/s00_mmu/inst/w_sreg/E[0]                                                                                                                                   | design_1_i/axi_smc/inst/s00_entry_pipeline/s00_mmu/inst/areset_d                                                                                                                         |                2 |              5 |         2.50 |
|  design_1_i/processing_system7_0/inst/FCLK_CLK0 | design_1_i/axi_smc/inst/s00_nodes/s00_b_node/inst/inst_mi_handler/gen_normal_area.gen_node_prog_full.inst_node_prog_full/gen_xpm_memory_fifo.inst_fifo/gen_mem_rep[0].inst_rd_addrb/rd_addrb_incr     | design_1_i/axi_smc/inst/s00_nodes/s00_b_node/inst/inst_mi_handler/m_sc_areset_r                                                                                                          |                2 |              6 |         3.00 |
|  design_1_i/processing_system7_0/inst/FCLK_CLK0 | design_1_i/axi_smc/inst/s00_nodes/s00_r_node/inst/inst_mi_handler/gen_normal_area.gen_node_prog_full.inst_node_prog_full/gen_xpm_memory_fifo.inst_fifo/gen_mem_rep[0].inst_rd_addrb/rd_addrb_incr     | design_1_i/axi_smc/inst/s00_nodes/s00_r_node/inst/inst_mi_handler/m_sc_areset_r                                                                                                          |                3 |              6 |         2.00 |
|  design_1_i/processing_system7_0/inst/FCLK_CLK0 | design_1_i/axi_smc/inst/s00_entry_pipeline/s00_si_converter/inst/gen_normal.splitter_inst/gen_no_wsplitter.gen_endpoint_woffset.gen_wbypass_offset_fifo.wbypass_offset_fifo/gen_srls[7].srl_nx1/shift |                                                                                                                                                                                          |                2 |              6 |         3.00 |
|  design_1_i/processing_system7_0/inst/FCLK_CLK0 | design_1_i/axi_smc/inst/s00_entry_pipeline/s00_si_converter/inst/converter.low_area_converter.low_area_wrap_inst/num_outstanding_writes[0]                                                            | design_1_i/axi_smc/inst/s00_entry_pipeline/s00_si_converter/inst/areset                                                                                                                  |                2 |              6 |         3.00 |
|  design_1_i/processing_system7_0/inst/FCLK_CLK0 | design_1_i/axi_smc/inst/s00_entry_pipeline/s00_si_converter/inst/converter.low_area_converter.low_area_wrap_inst/num_outstanding_bursts_read[0]                                                       | design_1_i/axi_smc/inst/s00_entry_pipeline/s00_si_converter/inst/areset                                                                                                                  |                2 |              6 |         3.00 |
|  design_1_i/processing_system7_0/inst/FCLK_CLK0 | design_1_i/axi_smc/inst/s00_entry_pipeline/s00_si_converter/inst/converter.low_area_converter.low_area_wrap_inst/num_outstanding_writes_resp[0]                                                       | design_1_i/axi_smc/inst/s00_entry_pipeline/s00_si_converter/inst/areset                                                                                                                  |                3 |              6 |         2.00 |
|  design_1_i/processing_system7_0/inst/FCLK_CLK0 | design_1_i/axi_smc/inst/clk_map/psr_aclk/U0/SEQ/seq_cnt_en                                                                                                                                            | design_1_i/axi_smc/inst/clk_map/psr_aclk/U0/SEQ/SEQ_COUNTER/clear                                                                                                                        |                1 |              6 |         6.00 |
|  design_1_i/processing_system7_0/inst/FCLK_CLK0 | design_1_i/axi_smc/inst/m00_nodes/m00_w_node/inst/inst_mi_handler/gen_normal_area.gen_node_prog_full.inst_node_prog_full/gen_xpm_memory_fifo.inst_fifo/gen_mem_rep[0].inst_rd_addrb/rd_addrb_incr     | design_1_i/axi_smc/inst/m00_nodes/m00_w_node/inst/inst_mi_handler/m_sc_areset_r                                                                                                          |                2 |              6 |         3.00 |
|  design_1_i/processing_system7_0/inst/FCLK_CLK0 | design_1_i/axi_smc/inst/m01_nodes/m01_aw_node/inst/inst_mi_handler/gen_normal_area.gen_node_prog_full.inst_node_prog_full/gen_xpm_memory_fifo.inst_fifo/gen_mem_rep[0].inst_rd_addrb/rd_addrb_incr    | design_1_i/axi_smc/inst/m01_nodes/m01_aw_node/inst/inst_mi_handler/m_sc_areset_r                                                                                                         |                2 |              6 |         3.00 |
|  design_1_i/processing_system7_0/inst/FCLK_CLK0 | design_1_i/axi_smc/inst/m00_exit_pipeline/m00_exit/inst/exit_inst/gen_r_cmd_fifo.r_cmd_fifo/gen_srls[17].srl_nx1/shift_qual                                                                           |                                                                                                                                                                                          |                2 |              6 |         3.00 |
|  design_1_i/processing_system7_0/inst/FCLK_CLK0 | design_1_i/axi_smc/inst/s00_entry_pipeline/s00_si_converter/inst/converter.low_area_converter.low_area_wrap_inst/w_resp_fifo/E[0]                                                                     | design_1_i/axi_smc/inst/s00_entry_pipeline/s00_si_converter/inst/areset                                                                                                                  |                2 |              6 |         3.00 |
|  design_1_i/processing_system7_0/inst/FCLK_CLK0 | design_1_i/axi_smc/inst/m00_exit_pipeline/m00_exit/inst/exit_inst/gen_r_cmd_fifo.r_cmd_fifo/gen_pipelined.mesg_reg[0]                                                                                 |                                                                                                                                                                                          |                2 |              6 |         3.00 |
|  design_1_i/processing_system7_0/inst/FCLK_CLK0 | design_1_i/axi_smc/inst/m01_nodes/m01_w_node/inst/inst_mi_handler/gen_normal_area.gen_node_prog_full.inst_node_prog_full/gen_xpm_memory_fifo.inst_fifo/gen_mem_rep[0].inst_rd_addrb/rd_addrb_incr     | design_1_i/axi_smc/inst/m01_nodes/m01_w_node/inst/inst_mi_handler/m_sc_areset_r                                                                                                          |                2 |              6 |         3.00 |
|  design_1_i/processing_system7_0/inst/FCLK_CLK0 | design_1_i/axi_smc/inst/s00_entry_pipeline/s00_si_converter/inst/gen_normal.splitter_inst/gen_no_wsplitter.gen_endpoint_woffset.gen_wbypass_offset_fifo.wbypass_offset_fifo/gen_pipelined.load_mesg   |                                                                                                                                                                                          |                3 |              6 |         2.00 |
|  design_1_i/processing_system7_0/inst/FCLK_CLK0 | design_1_i/axi_smc/inst/m00_nodes/m00_b_node/inst/inst_mi_handler/gen_normal_area.gen_fifo_req.inst_fifo_req/gen_xpm_memory_fifo.inst_fifo/gen_mem_rep[0].inst_rd_addrb/rd_addrb_incr                 | design_1_i/axi_smc/inst/m00_nodes/m00_b_node/inst/inst_mi_handler/m_sc_areset_r                                                                                                          |                3 |              6 |         2.00 |
|  design_1_i/processing_system7_0/inst/FCLK_CLK0 | design_1_i/axi_smc/inst/m01_nodes/m01_ar_node/inst/inst_mi_handler/gen_normal_area.gen_node_prog_full.inst_node_prog_full/gen_xpm_memory_fifo.inst_fifo/gen_mem_rep[0].inst_rd_addrb/rd_addrb_incr    | design_1_i/axi_smc/inst/m01_nodes/m01_ar_node/inst/inst_mi_handler/m_sc_areset_r                                                                                                         |                3 |              6 |         2.00 |
|  design_1_i/processing_system7_0/inst/FCLK_CLK0 | design_1_i/axi_smc/inst/m00_nodes/m00_ar_node/inst/inst_mi_handler/gen_normal_area.gen_node_prog_full.inst_node_prog_full/gen_xpm_memory_fifo.inst_fifo/gen_mem_rep[0].inst_rd_addrb/rd_addrb_incr    | design_1_i/axi_smc/inst/m00_nodes/m00_ar_node/inst/inst_mi_handler/m_sc_areset_r                                                                                                         |                3 |              6 |         2.00 |
|  design_1_i/processing_system7_0/inst/FCLK_CLK0 | design_1_i/axi_smc/inst/m01_nodes/m01_b_node/inst/inst_mi_handler/gen_normal_area.gen_fifo_req.inst_fifo_req/gen_xpm_memory_fifo.inst_fifo/gen_mem_rep[0].inst_rd_addrb/rd_addrb_incr                 | design_1_i/axi_smc/inst/m01_nodes/m01_b_node/inst/inst_mi_handler/m_sc_areset_r                                                                                                          |                2 |              6 |         3.00 |
|  design_1_i/processing_system7_0/inst/FCLK_CLK0 | design_1_i/axi_smc/inst/m01_nodes/m01_r_node/inst/inst_mi_handler/gen_normal_area.gen_fifo_req.inst_fifo_req/gen_xpm_memory_fifo.inst_fifo/gen_mem_rep[0].inst_rd_addrb/rd_addrb_incr                 | design_1_i/axi_smc/inst/m01_nodes/m01_r_node/inst/inst_mi_handler/m_sc_areset_r                                                                                                          |                2 |              6 |         3.00 |
|  design_1_i/processing_system7_0/inst/FCLK_CLK0 | design_1_i/axi_smc/inst/m01_exit_pipeline/m01_exit/inst/splitter_inst/gen_axi4lite.axilite_conv/m_axi_arid_i[2]_i_1_n_0                                                                               | design_1_i/axi_smc/inst/m01_exit_pipeline/m01_exit/inst/areset                                                                                                                           |                1 |              6 |         6.00 |
|  design_1_i/processing_system7_0/inst/FCLK_CLK0 | design_1_i/rst_ps7_0_100M/U0/SEQ/seq_cnt_en                                                                                                                                                           | design_1_i/rst_ps7_0_100M/U0/SEQ/SEQ_COUNTER/clear                                                                                                                                       |                1 |              6 |         6.00 |
|  design_1_i/processing_system7_0/inst/FCLK_CLK0 | design_1_i/axi_smc/inst/m00_nodes/m00_r_node/inst/inst_mi_handler/gen_normal_area.gen_fifo_req.inst_fifo_req/gen_xpm_memory_fifo.inst_fifo/gen_mem_rep[0].inst_rd_addrb/rd_addrb_incr                 | design_1_i/axi_smc/inst/m00_nodes/m00_r_node/inst/inst_mi_handler/m_sc_areset_r                                                                                                          |                3 |              6 |         2.00 |
|  design_1_i/processing_system7_0/inst/FCLK_CLK0 | design_1_i/axi_smc/inst/m00_nodes/m00_aw_node/inst/inst_mi_handler/gen_normal_area.gen_node_prog_full.inst_node_prog_full/gen_xpm_memory_fifo.inst_fifo/gen_mem_rep[0].inst_rd_addrb/rd_addrb_incr    | design_1_i/axi_smc/inst/m00_nodes/m00_aw_node/inst/inst_mi_handler/m_sc_areset_r                                                                                                         |                3 |              6 |         2.00 |
|  design_1_i/processing_system7_0/inst/FCLK_CLK0 |                                                                                                                                                                                                       | design_1_i/axi_smc/inst/m01_nodes/m01_r_node/inst/inst_mi_handler/m_sc_areset_r                                                                                                          |                4 |              7 |         1.75 |
|  design_1_i/processing_system7_0/inst/FCLK_CLK0 |                                                                                                                                                                                                       | design_1_i/axi_smc/inst/m00_nodes/m00_b_node/inst/inst_mi_handler/m_sc_areset_r                                                                                                          |                3 |              7 |         2.33 |
|  design_1_i/processing_system7_0/inst/FCLK_CLK0 |                                                                                                                                                                                                       | design_1_i/axi_smc/inst/m01_nodes/m01_b_node/inst/inst_mi_handler/m_sc_areset_r                                                                                                          |                3 |              7 |         2.33 |
|  design_1_i/processing_system7_0/inst/FCLK_CLK0 | design_1_i/axi_smc/inst/m01_exit_pipeline/m01_exit/inst/splitter_inst/gen_axi4lite.axilite_conv/ar_addr_d[8]_i_1_n_0                                                                                  | design_1_i/axi_smc/inst/m01_exit_pipeline/m01_exit/inst/areset                                                                                                                           |                2 |              7 |         3.50 |
|  design_1_i/processing_system7_0/inst/FCLK_CLK0 |                                                                                                                                                                                                       | design_1_i/axi_smc/inst/m00_nodes/m00_r_node/inst/inst_mi_handler/m_sc_areset_r                                                                                                          |                4 |              7 |         1.75 |
|  design_1_i/processing_system7_0/inst/FCLK_CLK0 | design_1_i/axi_smc/inst/s00_entry_pipeline/s00_si_converter/inst/converter.low_area_converter.low_area_wrap_inst/read_bytes[6]_i_1_n_0                                                                | design_1_i/axi_smc/inst/s00_entry_pipeline/s00_si_converter/inst/areset                                                                                                                  |                2 |              7 |         3.50 |
|  design_1_i/processing_system7_0/inst/FCLK_CLK0 | design_1_i/axi_smc/inst/s00_entry_pipeline/s00_si_converter/inst/converter.low_area_converter.low_area_wrap_inst/conv_size[0]                                                                         | design_1_i/axi_smc/inst/s00_entry_pipeline/s00_si_converter/inst/areset                                                                                                                  |                3 |              7 |         2.33 |
|  design_1_i/processing_system7_0/inst/FCLK_CLK0 | design_1_i/axi_smc/inst/m01_exit_pipeline/m01_exit/inst/splitter_inst/gen_axi4lite.axilite_conv/aw_addr[8]_i_1_n_0                                                                                    | design_1_i/axi_smc/inst/m01_exit_pipeline/m01_exit/inst/areset                                                                                                                           |                3 |              7 |         2.33 |
|  design_1_i/processing_system7_0/inst/FCLK_CLK0 | design_1_i/axi_smc/inst/m01_exit_pipeline/m01_exit/inst/splitter_inst/gen_axi4lite.axilite_conv/ar_cnt[7]_i_1_n_0                                                                                     | design_1_i/axi_smc/inst/m01_exit_pipeline/m01_exit/inst/areset                                                                                                                           |                3 |              8 |         2.67 |
|  design_1_i/processing_system7_0/inst/FCLK_CLK0 |                                                                                                                                                                                                       | design_1_i/axi_smc/inst/s00_nodes/s00_r_node/inst/inst_si_handler/areset_r_0                                                                                                             |                3 |              8 |         2.67 |
|  design_1_i/processing_system7_0/inst/FCLK_CLK0 | design_1_i/axi_smc/inst/s00_entry_pipeline/s00_si_converter/inst/converter.low_area_converter.low_area_wrap_inst/first_rd_iterations[7]_i_1_n_0                                                       | design_1_i/axi_smc/inst/s00_entry_pipeline/s00_si_converter/inst/areset                                                                                                                  |                4 |              8 |         2.00 |
|  design_1_i/processing_system7_0/inst/FCLK_CLK0 | design_1_i/axi_smc/inst/s00_entry_pipeline/s00_mmu/inst/gen_endpoint.decerr_slave_inst/gen_axi.gen_read.read_cnt[7]_i_1_n_0                                                                           | design_1_i/axi_smc/inst/s00_entry_pipeline/s00_mmu/inst/areset                                                                                                                           |                3 |              8 |         2.67 |
|  design_1_i/processing_system7_0/inst/FCLK_CLK0 |                                                                                                                                                                                                       | design_1_i/axi_smc/inst/s00_nodes/s00_b_node/inst/inst_si_handler/areset_r_0                                                                                                             |                2 |              8 |         4.00 |
|  design_1_i/processing_system7_0/inst/FCLK_CLK0 | design_1_i/axi_bram_ctrl_0/U0/gext_inst.abcv4_0_ext_inst/GEN_AXI4.I_FULL_AXI/I_RD_CHNL/GEN_NO_RD_CMD_OPT.brst_cnt[7]_i_1_n_0                                                                          | design_1_i/axi_bram_ctrl_0/U0/gext_inst.abcv4_0_ext_inst/GEN_AXI4.I_FULL_AXI/I_RD_CHNL/GEN_NO_RD_CMD_OPT.I_WRAP_BRST/SR[0]                                                               |                3 |              8 |         2.67 |
|  design_1_i/processing_system7_0/inst/FCLK_CLK0 | design_1_i/axi_smc/inst/s00_nodes/s00_aw_node/inst/inst_mi_handler/gen_normal_area.gen_fifo_req.inst_fifo_req/gen_xpm_memory_fifo.inst_fifo/gen_mem_rep[0].inst_rd_addrb/rd_addrb_incr                | design_1_i/axi_smc/inst/s00_nodes/s00_aw_node/inst/inst_mi_handler/m_sc_areset_r                                                                                                         |                4 |              8 |         2.00 |
|  design_1_i/processing_system7_0/inst/FCLK_CLK0 | design_1_i/axi_smc/inst/s00_nodes/s00_aw_node/inst/inst_mi_handler/gen_normal_area.gen_fifo_req.inst_fifo_req/gen_xpm_memory_fifo.inst_fifo/wr_wea                                                    |                                                                                                                                                                                          |                1 |              8 |         8.00 |
|  design_1_i/processing_system7_0/inst/FCLK_CLK0 | design_1_i/axi_smc/inst/s00_nodes/s00_ar_node/inst/inst_mi_handler/gen_normal_area.gen_fifo_req.inst_fifo_req/gen_xpm_memory_fifo.inst_fifo/gen_mem_rep[0].inst_rd_addrb/rd_addrb_incr                | design_1_i/axi_smc/inst/s00_nodes/s00_ar_node/inst/inst_mi_handler/m_sc_areset_r                                                                                                         |                3 |              8 |         2.67 |
|  design_1_i/processing_system7_0/inst/FCLK_CLK0 | design_1_i/axi_smc/inst/s00_nodes/s00_ar_node/inst/inst_mi_handler/gen_normal_area.gen_fifo_req.inst_fifo_req/gen_xpm_memory_fifo.inst_fifo/wr_wea                                                    |                                                                                                                                                                                          |                1 |              8 |         8.00 |
|  design_1_i/processing_system7_0/inst/FCLK_CLK0 | design_1_i/axi_smc/inst/m01_exit_pipeline/m01_exit/inst/splitter_inst/gen_axi4lite.axilite_conv/r_beats[7]_i_1_n_0                                                                                    | design_1_i/axi_smc/inst/m01_exit_pipeline/m01_exit/inst/areset                                                                                                                           |                3 |              8 |         2.67 |
|  design_1_i/processing_system7_0/inst/FCLK_CLK0 | design_1_i/axi_smc/inst/s00_nodes/s00_b_node/inst/inst_mi_handler/gen_normal_area.inst_fifo_node_payld/gen_xpm_memory_fifo.inst_fifo/wr_wea                                                           |                                                                                                                                                                                          |                1 |              8 |         8.00 |
|  design_1_i/processing_system7_0/inst/FCLK_CLK0 | design_1_i/axi_smc/inst/s00_entry_pipeline/s00_si_converter/inst/converter.low_area_converter.low_area_wrap_inst/si_rd_count[7]_i_1_n_0                                                               | design_1_i/axi_smc/inst/s00_entry_pipeline/s00_si_converter/inst/areset                                                                                                                  |                3 |              8 |         2.67 |
|  design_1_i/processing_system7_0/inst/FCLK_CLK0 | design_1_i/axi_smc/inst/s00_nodes/s00_w_node/inst/inst_mi_handler/gen_normal_area.gen_fifo_req.inst_fifo_req/gen_xpm_memory_fifo.inst_fifo/gen_mem_rep[0].inst_rd_addrb/rd_addrb_incr                 | design_1_i/axi_smc/inst/s00_nodes/s00_w_node/inst/inst_mi_handler/m_sc_areset_r                                                                                                          |                3 |              8 |         2.67 |
|  design_1_i/processing_system7_0/inst/FCLK_CLK0 | design_1_i/axi_smc/inst/s00_nodes/s00_w_node/inst/inst_mi_handler/gen_normal_area.gen_fifo_req.inst_fifo_req/gen_xpm_memory_fifo.inst_fifo/wr_wea                                                     |                                                                                                                                                                                          |                1 |              8 |         8.00 |
|  design_1_i/processing_system7_0/inst/FCLK_CLK0 | design_1_i/axi_smc/inst/s00_entry_pipeline/s00_si_converter/inst/converter.low_area_converter.low_area_wrap_inst/w_cnt[8]_i_1_n_0                                                                     | design_1_i/axi_smc/inst/s00_entry_pipeline/s00_si_converter/inst/areset                                                                                                                  |                3 |              9 |         3.00 |
|  design_1_i/processing_system7_0/inst/FCLK_CLK0 | design_1_i/axi_smc/inst/s00_entry_pipeline/s00_si_converter/inst/converter.low_area_converter.low_area_wrap_inst/w_resp_fifo/gen_pipelined.load_mesg                                                  |                                                                                                                                                                                          |                4 |              9 |         2.25 |
|  design_1_i/processing_system7_0/inst/FCLK_CLK0 | design_1_i/axi_smc/inst/s00_entry_pipeline/s00_si_converter/inst/converter.low_area_converter.low_area_wrap_inst/w_resp_fifo/gen_srls[9].srl_nx1/shift                                                |                                                                                                                                                                                          |                3 |              9 |         3.00 |
|  design_1_i/processing_system7_0/inst/FCLK_CLK0 | design_1_i/axi_smc/inst/m01_exit_pipeline/m01_exit/inst/splitter_inst/gen_axi4lite.axilite_conv/b_cnt[0]                                                                                              | design_1_i/axi_smc/inst/m01_exit_pipeline/m01_exit/inst/splitter_inst/gen_axi4lite.axilite_conv/b_cnt[8]_i_1_n_0                                                                         |                2 |              9 |         4.50 |
|  design_1_i/processing_system7_0/inst/FCLK_CLK0 | design_1_i/axi_smc/inst/m01_exit_pipeline/m01_exit/inst/splitter_inst/gen_axi4lite.axilite_conv/w_cnt[8]_i_1_n_0                                                                                      | design_1_i/axi_smc/inst/m01_exit_pipeline/m01_exit/inst/areset                                                                                                                           |                2 |              9 |         4.50 |
|  design_1_i/processing_system7_0/inst/FCLK_CLK0 |                                                                                                                                                                                                       | design_1_i/axi_smc/inst/s00_nodes/s00_ar_node/inst/inst_mi_handler/m_sc_areset_r                                                                                                         |                6 |              9 |         1.50 |
|  design_1_i/processing_system7_0/inst/FCLK_CLK0 |                                                                                                                                                                                                       | design_1_i/axi_smc/inst/s00_nodes/s00_aw_node/inst/inst_mi_handler/m_sc_areset_r                                                                                                         |                5 |              9 |         1.80 |
|  design_1_i/processing_system7_0/inst/FCLK_CLK0 | design_1_i/axi_smc/inst/s00_entry_pipeline/s00_si_converter/inst/converter.low_area_converter.low_area_wrap_inst/b_cnt[8]_i_1_n_0                                                                     | design_1_i/axi_smc/inst/s00_entry_pipeline/s00_si_converter/inst/areset                                                                                                                  |                4 |              9 |         2.25 |
|  design_1_i/processing_system7_0/inst/FCLK_CLK0 |                                                                                                                                                                                                       | design_1_i/axi_smc/inst/s00_nodes/s00_w_node/inst/inst_mi_handler/m_sc_areset_r                                                                                                          |                4 |              9 |         2.25 |
|  design_1_i/processing_system7_0/inst/FCLK_CLK0 | design_1_i/axi_smc/inst/s00_entry_pipeline/s00_si_converter/inst/converter.low_area_converter.low_area_wrap_inst/w_resp_fifo/aw_done_reg[0]                                                           | design_1_i/axi_smc/inst/s00_entry_pipeline/s00_si_converter/inst/areset                                                                                                                  |                3 |             10 |         3.33 |
|  design_1_i/processing_system7_0/inst/FCLK_CLK0 | design_1_i/axi_smc/inst/s00_entry_pipeline/s00_si_converter/inst/converter.low_area_converter.low_area_wrap_inst/next_araddr_i[0]                                                                     | design_1_i/axi_smc/inst/s00_entry_pipeline/s00_si_converter/inst/areset                                                                                                                  |                3 |             10 |         3.33 |
|  design_1_i/processing_system7_0/inst/FCLK_CLK0 | design_1_i/axi_smc/inst/m00_nodes/m00_b_node/inst/inst_mi_handler/gen_normal_area.inst_fifo_node_payld/gen_xpm_memory_fifo.inst_fifo/wr_wea                                                           |                                                                                                                                                                                          |                2 |             10 |         5.00 |
|  design_1_i/processing_system7_0/inst/FCLK_CLK0 | design_1_i/axi_smc/inst/m01_nodes/m01_b_node/inst/inst_mi_handler/gen_normal_area.inst_fifo_node_payld/gen_xpm_memory_fifo.inst_fifo/wr_wea                                                           |                                                                                                                                                                                          |                2 |             10 |         5.00 |
|  design_1_i/processing_system7_0/inst/FCLK_CLK0 | design_1_i/axi_smc/inst/s00_nodes/s00_b_node/inst/inst_mi_handler/gen_normal_area.inst_fifo_node_payld/gen_xpm_memory_fifo.inst_fifo/gen_mem_rep[0].inst_rd_addrb/rd_addrb_incr                       | design_1_i/axi_smc/inst/s00_nodes/s00_b_node/inst/inst_mi_handler/m_sc_areset_r                                                                                                          |                3 |             10 |         3.33 |
|  design_1_i/processing_system7_0/inst/FCLK_CLK0 | design_1_i/axi_bram_ctrl_0/U0/gext_inst.abcv4_0_ext_inst/GEN_AXI4.I_FULL_AXI/I_RD_CHNL/GEN_NO_RD_CMD_OPT.I_WRAP_BRST/E[0]                                                                             | design_1_i/axi_bram_ctrl_0/U0/gext_inst.abcv4_0_ext_inst/GEN_AXI4.I_FULL_AXI/I_WR_CHNL/I_WRAP_BRST/SR[0]                                                                                 |                3 |             10 |         3.33 |
|  design_1_i/processing_system7_0/inst/FCLK_CLK0 | design_1_i/axi_smc/inst/m01_nodes/m01_b_node/inst/inst_mi_handler/gen_normal_area.inst_fifo_node_payld/gen_xpm_memory_fifo.inst_fifo/gen_mem_rep[0].inst_rd_addrb/rd_addrb_incr                       | design_1_i/axi_smc/inst/m01_nodes/m01_b_node/inst/inst_mi_handler/m_sc_areset_r                                                                                                          |                5 |             11 |         2.20 |
|  design_1_i/processing_system7_0/inst/FCLK_CLK0 | design_1_i/axi_smc/inst/s00_entry_pipeline/s00_si_converter/inst/converter.low_area_converter.low_area_wrap_inst/s_rvalid_i_i_1_n_0                                                                   | design_1_i/axi_smc/inst/s00_entry_pipeline/s00_si_converter/inst/areset                                                                                                                  |                6 |             11 |         1.83 |
|  design_1_i/processing_system7_0/inst/FCLK_CLK0 | design_1_i/axi_smc/inst/s00_entry_pipeline/s00_si_converter/inst/converter.low_area_converter.low_area_wrap_inst/r_cnt[10]_i_1_n_0                                                                    | design_1_i/axi_smc/inst/s00_entry_pipeline/s00_si_converter/inst/areset                                                                                                                  |                6 |             11 |         1.83 |
|  design_1_i/processing_system7_0/inst/FCLK_CLK0 | design_1_i/axi_smc/inst/m00_nodes/m00_b_node/inst/inst_mi_handler/gen_normal_area.inst_fifo_node_payld/gen_xpm_memory_fifo.inst_fifo/gen_mem_rep[0].inst_rd_addrb/rd_addrb_incr                       | design_1_i/axi_smc/inst/m00_nodes/m00_b_node/inst/inst_mi_handler/m_sc_areset_r                                                                                                          |                5 |             11 |         2.20 |
|  design_1_i/processing_system7_0/inst/FCLK_CLK0 | design_1_i/axi_smc/inst/m01_nodes/m01_ar_node/inst/inst_mi_handler/inst_ingress/inst_pipeline_valid/ingress_valid                                                                                     | design_1_i/axi_smc/inst/m01_nodes/m01_ar_node/inst/inst_mi_handler/areset_r                                                                                                              |                3 |             12 |         4.00 |
|  design_1_i/processing_system7_0/inst/FCLK_CLK0 | design_1_i/axi_smc/inst/m01_nodes/m01_ar_node/inst/inst_si_handler/s_sc_valid                                                                                                                         | design_1_i/axi_smc/inst/m01_nodes/m01_ar_node/inst/inst_mi_handler/areset_r                                                                                                              |                5 |             12 |         2.40 |
|  design_1_i/processing_system7_0/inst/FCLK_CLK0 | design_1_i/axi_smc/inst/s00_entry_pipeline/s00_mmu/inst/gen_endpoint.decerr_slave_inst/gen_axi.gen_read.s_axi_rid_i[0]                                                                                | design_1_i/axi_smc/inst/s00_entry_pipeline/s00_mmu/inst/areset                                                                                                                           |                3 |             12 |         4.00 |
|  design_1_i/processing_system7_0/inst/FCLK_CLK0 | design_1_i/axi_smc/inst/m01_nodes/m01_aw_node/inst/inst_mi_handler/inst_ingress/inst_pipeline_valid/ingress_valid                                                                                     | design_1_i/axi_smc/inst/m01_nodes/m01_aw_node/inst/inst_mi_handler/areset_r                                                                                                              |                4 |             12 |         3.00 |
|  design_1_i/processing_system7_0/inst/FCLK_CLK0 | design_1_i/axi_smc/inst/m01_nodes/m01_aw_node/inst/inst_si_handler/s_sc_valid                                                                                                                         | design_1_i/axi_smc/inst/m01_nodes/m01_aw_node/inst/inst_mi_handler/areset_r                                                                                                              |                4 |             12 |         3.00 |
|  design_1_i/processing_system7_0/inst/FCLK_CLK0 | design_1_i/axi_smc/inst/m01_nodes/m01_w_node/inst/inst_mi_handler/inst_ingress/inst_pipeline_valid/ingress_valid                                                                                      | design_1_i/axi_smc/inst/m01_nodes/m01_w_node/inst/inst_mi_handler/areset_r                                                                                                               |                5 |             12 |         2.40 |
|  design_1_i/processing_system7_0/inst/FCLK_CLK0 | design_1_i/axi_smc/inst/m01_nodes/m01_w_node/inst/inst_si_handler/s_sc_valid                                                                                                                          | design_1_i/axi_smc/inst/m01_nodes/m01_w_node/inst/inst_mi_handler/areset_r                                                                                                               |                3 |             12 |         4.00 |
|  design_1_i/processing_system7_0/inst/FCLK_CLK0 | design_1_i/axi_smc/inst/s00_entry_pipeline/s00_mmu/inst/b_sreg/skid_buffer[1035]_i_1__0_n_0                                                                                                           |                                                                                                                                                                                          |                3 |             12 |         4.00 |
|  design_1_i/processing_system7_0/inst/FCLK_CLK0 | design_1_i/axi_smc/inst/s00_entry_pipeline/s00_mmu/inst/gen_endpoint.decerr_slave_inst/gen_axi.gen_write.s_axi_bid_i[11]_i_1_n_0                                                                      | design_1_i/axi_smc/inst/s00_entry_pipeline/s00_mmu/inst/areset                                                                                                                           |                3 |             12 |         4.00 |
|  design_1_i/processing_system7_0/inst/FCLK_CLK0 | design_1_i/axi_smc/inst/s00_entry_pipeline/s00_si_converter/inst/converter.low_area_converter.low_area_wrap_inst/conv_araddr[11]_i_1_n_0                                                              | design_1_i/axi_smc/inst/s00_entry_pipeline/s00_si_converter/inst/areset                                                                                                                  |                4 |             12 |         3.00 |
|  design_1_i/processing_system7_0/inst/FCLK_CLK0 | design_1_i/axi_smc/inst/s00_entry_pipeline/s00_si_converter/inst/converter.low_area_converter.low_area_wrap_inst/conv_addr_i[11]_i_1_n_0                                                              | design_1_i/axi_smc/inst/s00_entry_pipeline/s00_si_converter/inst/areset                                                                                                                  |                4 |             12 |         3.00 |
|  design_1_i/processing_system7_0/inst/FCLK_CLK0 | design_1_i/axi_smc/inst/s00_entry_pipeline/s00_si_converter/inst/converter.low_area_converter.low_area_wrap_inst/next_awaddr_i[0]                                                                     | design_1_i/axi_smc/inst/s00_entry_pipeline/s00_si_converter/inst/areset                                                                                                                  |                3 |             12 |         4.00 |
|  design_1_i/processing_system7_0/inst/FCLK_CLK0 | design_1_i/axi_smc/inst/s00_entry_pipeline/s00_si_converter/inst/converter.low_area_converter.low_area_wrap_inst/r_wrap_last_araddr[0]                                                                | design_1_i/axi_smc/inst/s00_entry_pipeline/s00_si_converter/inst/areset                                                                                                                  |                3 |             12 |         4.00 |
|  design_1_i/processing_system7_0/inst/FCLK_CLK0 | design_1_i/axi_smc/inst/s00_entry_pipeline/s00_si_converter/inst/converter.low_area_converter.low_area_wrap_inst/w_wrap_awaddr[0]                                                                     | design_1_i/axi_smc/inst/s00_entry_pipeline/s00_si_converter/inst/areset                                                                                                                  |                5 |             12 |         2.40 |
|  design_1_i/processing_system7_0/inst/FCLK_CLK0 | design_1_i/axi_smc/inst/s00_entry_pipeline/s00_si_converter/inst/converter.low_area_converter.low_area_wrap_inst/w_wrap_last_awaddr[0]                                                                | design_1_i/axi_smc/inst/s00_entry_pipeline/s00_si_converter/inst/areset                                                                                                                  |                3 |             12 |         4.00 |
|  design_1_i/processing_system7_0/inst/FCLK_CLK0 | design_1_i/axi_smc/inst/m00_nodes/m00_ar_node/inst/inst_mi_handler/inst_ingress/inst_pipeline_valid/ingress_valid                                                                                     | design_1_i/axi_smc/inst/m00_nodes/m00_ar_node/inst/inst_mi_handler/areset_r                                                                                                              |                4 |             12 |         3.00 |
|  design_1_i/processing_system7_0/inst/FCLK_CLK0 | design_1_i/axi_smc/inst/m00_nodes/m00_ar_node/inst/inst_si_handler/s_sc_valid                                                                                                                         | design_1_i/axi_smc/inst/m00_nodes/m00_ar_node/inst/inst_mi_handler/areset_r                                                                                                              |                4 |             12 |         3.00 |
|  design_1_i/processing_system7_0/inst/FCLK_CLK0 | design_1_i/axi_smc/inst/m00_nodes/m00_w_node/inst/inst_mi_handler/inst_ingress/inst_pipeline_valid/ingress_valid                                                                                      | design_1_i/axi_smc/inst/m00_nodes/m00_w_node/inst/inst_mi_handler/areset_r                                                                                                               |                3 |             12 |         4.00 |
|  design_1_i/processing_system7_0/inst/FCLK_CLK0 | design_1_i/axi_smc/inst/m00_nodes/m00_w_node/inst/inst_si_handler/s_sc_valid                                                                                                                          | design_1_i/axi_smc/inst/m00_nodes/m00_w_node/inst/inst_mi_handler/areset_r                                                                                                               |                4 |             12 |         3.00 |
|  design_1_i/processing_system7_0/inst/FCLK_CLK0 | design_1_i/axi_smc/inst/s00_nodes/s00_b_node/inst/inst_mi_handler/inst_ingress/inst_pipeline_valid/ingress_valid                                                                                      | design_1_i/axi_smc/inst/s00_nodes/s00_b_node/inst/inst_mi_handler/areset_r                                                                                                               |                3 |             12 |         4.00 |
|  design_1_i/processing_system7_0/inst/FCLK_CLK0 | design_1_i/axi_smc/inst/s00_nodes/s00_b_node/inst/inst_si_handler/gen_si_handler.gen_arbiter_rr_normal_area.inst_arbiter/s_sc_valid                                                                   | design_1_i/axi_smc/inst/s00_nodes/s00_b_node/inst/inst_mi_handler/areset_r                                                                                                               |                5 |             12 |         2.40 |
|  design_1_i/processing_system7_0/inst/FCLK_CLK0 | design_1_i/axi_smc/inst/m00_nodes/m00_aw_node/inst/inst_mi_handler/inst_ingress/inst_pipeline_valid/ingress_valid                                                                                     | design_1_i/axi_smc/inst/m00_nodes/m00_aw_node/inst/inst_mi_handler/areset_r                                                                                                              |                4 |             12 |         3.00 |
|  design_1_i/processing_system7_0/inst/FCLK_CLK0 | design_1_i/axi_smc/inst/s00_nodes/s00_r_node/inst/inst_mi_handler/inst_ingress/inst_pipeline_valid/ingress_valid                                                                                      | design_1_i/axi_smc/inst/s00_nodes/s00_r_node/inst/inst_mi_handler/areset_r                                                                                                               |                5 |             12 |         2.40 |
|  design_1_i/processing_system7_0/inst/FCLK_CLK0 | design_1_i/axi_smc/inst/s00_nodes/s00_r_node/inst/inst_si_handler/gen_si_handler.gen_arbiter_rr_normal_area.inst_arbiter/s_sc_valid                                                                   | design_1_i/axi_smc/inst/s00_nodes/s00_r_node/inst/inst_mi_handler/areset_r                                                                                                               |                5 |             12 |         2.40 |
|  design_1_i/processing_system7_0/inst/FCLK_CLK0 | design_1_i/axi_smc/inst/m00_nodes/m00_aw_node/inst/inst_si_handler/s_sc_valid                                                                                                                         | design_1_i/axi_smc/inst/m00_nodes/m00_aw_node/inst/inst_mi_handler/areset_r                                                                                                              |                4 |             12 |         3.00 |
|  design_1_i/processing_system7_0/inst/FCLK_CLK0 | design_1_i/top_0/inst/cpu/R2/E[0]                                                                                                                                                                     | design_1_i/axi_gpio_0/U0/gpio_core_1/gpio_io_o[0]                                                                                                                                        |                2 |             12 |         6.00 |
|  design_1_i/processing_system7_0/inst/FCLK_CLK0 | design_1_i/axi_smc/inst/s00_entry_pipeline/s00_transaction_regulator/inst/gen_endpoint.gen_w_multithread.w_multithread/cmd_reg/active_id[0]                                                           |                                                                                                                                                                                          |                4 |             13 |         3.25 |
|  design_1_i/processing_system7_0/inst/FCLK_CLK0 | design_1_i/axi_smc/inst/m01_nodes/m01_w_node/inst/inst_mi_handler/gen_normal_area.inst_fifo_node_payld/gen_xpm_memory_fifo.inst_fifo/gen_mem_rep[0].inst_rd_addrb/rd_addrb_incr                       | design_1_i/axi_smc/inst/m01_nodes/m01_w_node/inst/inst_mi_handler/m_sc_areset_r                                                                                                          |                8 |             13 |         1.62 |
|  design_1_i/processing_system7_0/inst/FCLK_CLK0 | design_1_i/axi_smc/inst/s00_entry_pipeline/s00_transaction_regulator/inst/gen_endpoint.gen_w_multithread.w_multithread/cmd_reg/gen_pipelined.mesg_reg_reg[1]                                          |                                                                                                                                                                                          |                4 |             13 |         3.25 |
|  design_1_i/processing_system7_0/inst/FCLK_CLK0 | design_1_i/axi_smc/inst/s00_entry_pipeline/s00_transaction_regulator/inst/gen_endpoint.gen_r_multithread.r_multithread/cmd_reg/gen_pipelined.mesg_reg_reg[2]                                          |                                                                                                                                                                                          |                5 |             13 |         2.60 |
|  design_1_i/processing_system7_0/inst/FCLK_CLK0 | design_1_i/axi_smc/inst/s00_entry_pipeline/s00_transaction_regulator/inst/gen_endpoint.gen_w_multithread.w_multithread/cmd_reg/gen_pipelined.mesg_reg_reg[2]                                          |                                                                                                                                                                                          |                4 |             13 |         3.25 |
|  design_1_i/processing_system7_0/inst/FCLK_CLK0 | design_1_i/axi_smc/inst/s00_entry_pipeline/s00_transaction_regulator/inst/gen_endpoint.gen_w_multithread.w_multithread/cmd_reg/gen_pipelined.mesg_reg_reg[3]                                          |                                                                                                                                                                                          |                4 |             13 |         3.25 |
|  design_1_i/processing_system7_0/inst/FCLK_CLK0 | design_1_i/axi_smc/inst/s00_entry_pipeline/s00_transaction_regulator/inst/gen_endpoint.gen_r_multithread.r_multithread/cmd_reg/gen_pipelined.mesg_reg_reg[1]                                          |                                                                                                                                                                                          |                5 |             13 |         2.60 |
|  design_1_i/processing_system7_0/inst/FCLK_CLK0 | design_1_i/axi_smc/inst/s00_entry_pipeline/s00_transaction_regulator/inst/gen_endpoint.gen_r_multithread.r_multithread/cmd_reg/active_id[0]                                                           |                                                                                                                                                                                          |                4 |             13 |         3.25 |
|  design_1_i/processing_system7_0/inst/FCLK_CLK0 | design_1_i/axi_smc/inst/s00_entry_pipeline/s00_transaction_regulator/inst/gen_endpoint.gen_r_multithread.r_multithread/cmd_reg/gen_pipelined.mesg_reg_reg[3]                                          |                                                                                                                                                                                          |                4 |             13 |         3.25 |
|  design_1_i/processing_system7_0/inst/FCLK_CLK0 | design_1_i/axi_smc/inst/s00_entry_pipeline/s00_mmu/inst/r_sreg/skid_buffer[1058]_i_1_n_0                                                                                                              |                                                                                                                                                                                          |                6 |             13 |         2.17 |
|  design_1_i/processing_system7_0/inst/FCLK_CLK0 | design_1_i/axi_smc/inst/s00_entry_pipeline/s00_mmu/inst/b_sreg/m_vector_i[0]                                                                                                                          |                                                                                                                                                                                          |                4 |             14 |         3.50 |
|  design_1_i/processing_system7_0/inst/FCLK_CLK0 | design_1_i/axi_smc/inst/s00_entry_pipeline/s00_si_converter/inst/converter.low_area_converter.low_area_wrap_inst/max_read_bytes[0]                                                                    | design_1_i/axi_smc/inst/s00_entry_pipeline/s00_si_converter/inst/areset                                                                                                                  |                6 |             15 |         2.50 |
|  design_1_i/processing_system7_0/inst/FCLK_CLK0 | design_1_i/axi_bram_ctrl_0/U0/gext_inst.abcv4_0_ext_inst/GEN_AXI4.I_FULL_AXI/GEN_ARB.I_SNG_PORT/E[0]                                                                                                  | design_1_i/axi_bram_ctrl_0/U0/gext_inst.abcv4_0_ext_inst/GEN_AXI4.I_FULL_AXI/I_RD_CHNL/GEN_NO_RD_CMD_OPT.I_WRAP_BRST/SR[0]                                                               |                4 |             16 |         4.00 |
|  design_1_i/processing_system7_0/inst/FCLK_CLK0 | design_1_i/axi_smc/inst/m01_nodes/m01_aw_node/inst/inst_mi_handler/gen_normal_area.inst_fifo_node_payld/gen_xpm_memory_fifo.inst_fifo/gen_mem_rep[0].inst_rd_addrb/rd_addrb_incr                      | design_1_i/axi_smc/inst/m01_nodes/m01_aw_node/inst/inst_mi_handler/m_sc_areset_r                                                                                                         |                4 |             16 |         4.00 |
|  design_1_i/processing_system7_0/inst/FCLK_CLK0 | design_1_i/axi_smc/inst/m01_nodes/m01_aw_node/inst/inst_mi_handler/gen_normal_area.inst_fifo_node_payld/gen_xpm_memory_fifo.inst_fifo/wr_wea                                                          |                                                                                                                                                                                          |                2 |             16 |         8.00 |
|  design_1_i/processing_system7_0/inst/FCLK_CLK0 | design_1_i/axi_smc/inst/m00_exit_pipeline/m00_exit/inst/aw_reg/skid_buffer[1144]_i_1__0_n_0                                                                                                           |                                                                                                                                                                                          |                3 |             18 |         6.00 |
|  design_1_i/processing_system7_0/inst/FCLK_CLK0 | design_1_i/axi_smc/inst/m00_exit_pipeline/m00_exit/inst/aw_reg/m_vector_i[0]                                                                                                                          |                                                                                                                                                                                          |                4 |             18 |         4.50 |
|  design_1_i/processing_system7_0/inst/FCLK_CLK0 |                                                                                                                                                                                                       | design_1_i/axi_gpio_0/U0/AXI_LITE_IPIF_I/I_SLAVE_ATTACHMENT/SS[0]                                                                                                                        |                5 |             20 |         4.00 |
|  design_1_i/processing_system7_0/inst/FCLK_CLK0 | design_1_i/axi_smc/inst/m00_exit_pipeline/m00_exit/inst/ar_reg/m_vector_i[0]                                                                                                                          |                                                                                                                                                                                          |                4 |             22 |         5.50 |
|  design_1_i/processing_system7_0/inst/FCLK_CLK0 | design_1_i/axi_smc/inst/m00_exit_pipeline/m00_exit/inst/ar_reg/skid_buffer[1144]_i_1_n_0                                                                                                              |                                                                                                                                                                                          |                4 |             22 |         5.50 |
|  design_1_i/processing_system7_0/inst/FCLK_CLK0 | design_1_i/axi_smc/inst/m01_nodes/m01_b_node/inst/inst_si_handler/s_sc_valid                                                                                                                          | design_1_i/axi_smc/inst/m01_nodes/m01_b_node/inst/inst_mi_handler/areset_r                                                                                                               |                7 |             24 |         3.43 |
|  design_1_i/processing_system7_0/inst/FCLK_CLK0 | design_1_i/axi_smc/inst/m00_nodes/m00_b_node/inst/inst_si_handler/s_sc_valid                                                                                                                          | design_1_i/axi_smc/inst/m00_nodes/m00_b_node/inst/inst_mi_handler/areset_r                                                                                                               |                8 |             24 |         3.00 |
|  design_1_i/processing_system7_0/inst/FCLK_CLK0 | design_1_i/axi_smc/inst/s00_nodes/s00_w_node/inst/inst_si_handler/s_sc_valid                                                                                                                          | design_1_i/axi_smc/inst/s00_nodes/s00_w_node/inst/inst_mi_handler/areset_r                                                                                                               |                9 |             24 |         2.67 |
|  design_1_i/processing_system7_0/inst/FCLK_CLK0 | design_1_i/axi_smc/inst/s00_nodes/s00_ar_node/inst/inst_si_handler/s_sc_valid                                                                                                                         | design_1_i/axi_smc/inst/s00_nodes/s00_ar_node/inst/inst_mi_handler/areset_r                                                                                                              |                8 |             24 |         3.00 |
|  design_1_i/processing_system7_0/inst/FCLK_CLK0 | design_1_i/axi_smc/inst/m01_nodes/m01_r_node/inst/inst_si_handler/s_sc_valid                                                                                                                          | design_1_i/axi_smc/inst/m01_nodes/m01_r_node/inst/inst_mi_handler/areset_r                                                                                                               |                9 |             24 |         2.67 |
|  design_1_i/processing_system7_0/inst/FCLK_CLK0 | design_1_i/axi_smc/inst/m00_nodes/m00_r_node/inst/inst_si_handler/s_sc_valid                                                                                                                          | design_1_i/axi_smc/inst/m00_nodes/m00_r_node/inst/inst_mi_handler/areset_r                                                                                                               |                8 |             24 |         3.00 |
|  design_1_i/processing_system7_0/inst/FCLK_CLK0 | design_1_i/axi_smc/inst/s00_nodes/s00_aw_node/inst/inst_si_handler/s_sc_valid                                                                                                                         | design_1_i/axi_smc/inst/s00_nodes/s00_aw_node/inst/inst_mi_handler/areset_r                                                                                                              |                7 |             24 |         3.43 |
|  design_1_i/processing_system7_0/inst/FCLK_CLK0 | design_1_i/axi_smc/inst/m01_nodes/m01_ar_node/inst/inst_mi_handler/gen_normal_area.inst_fifo_node_payld/gen_xpm_memory_fifo.inst_fifo/gen_mem_rep[0].inst_rd_addrb/rd_addrb_incr                      | design_1_i/axi_smc/inst/m01_nodes/m01_ar_node/inst/inst_mi_handler/m_sc_areset_r                                                                                                         |                8 |             27 |         3.38 |
|  design_1_i/processing_system7_0/inst/FCLK_CLK0 | design_1_i/axi_smc/inst/m00_nodes/m00_aw_node/inst/inst_mi_handler/gen_normal_area.inst_fifo_node_payld/gen_xpm_memory_fifo.inst_fifo/gen_mem_rep[0].inst_rd_addrb/rd_addrb_incr                      | design_1_i/axi_smc/inst/m00_nodes/m00_aw_node/inst/inst_mi_handler/m_sc_areset_r                                                                                                         |                6 |             27 |         4.50 |
|  design_1_i/processing_system7_0/inst/FCLK_CLK0 | design_1_i/axi_smc/inst/s00_entry_pipeline/s00_si_converter/inst/converter.low_area_converter.low_area_wrap_inst/r_burst_bytes[0]                                                                     | design_1_i/axi_smc/inst/s00_entry_pipeline/s00_si_converter/inst/areset                                                                                                                  |               10 |             28 |         2.80 |
|  design_1_i/processing_system7_0/inst/FCLK_CLK0 |                                                                                                                                                                                                       | design_1_i/axi_smc/inst/m00_exit_pipeline/m00_exit/inst/areset                                                                                                                           |               10 |             28 |         2.80 |
|  design_1_i/processing_system7_0/inst/FCLK_CLK0 | design_1_i/axi_smc/inst/s00_entry_pipeline/s00_si_converter/inst/converter.low_area_converter.low_area_wrap_inst/outstanding_awid[0]                                                                  | design_1_i/axi_smc/inst/s00_entry_pipeline/s00_si_converter/inst/areset                                                                                                                  |                8 |             29 |         3.62 |
|  design_1_i/processing_system7_0/inst/FCLK_CLK0 | design_1_i/axi_smc/inst/s00_nodes/s00_aw_node/inst/inst_mi_handler/gen_normal_area.inst_fifo_send/rd_addrb_incr                                                                                       | design_1_i/axi_smc/inst/s00_nodes/s00_aw_node/inst/inst_mi_handler/m_sc_areset_r                                                                                                         |                7 |             30 |         4.29 |
|  design_1_i/processing_system7_0/inst/FCLK_CLK0 |                                                                                                                                                                                                       | design_1_i/axi_bram_ctrl_0/U0/gext_inst.abcv4_0_ext_inst/GEN_AXI4.I_FULL_AXI/I_RD_CHNL/GEN_NO_RD_CMD_OPT.I_WRAP_BRST/SR[0]                                                               |               14 |             31 |         2.21 |
| ~design_1_i/processing_system7_0/inst/FCLK_CLK0 | design_1_i/top_0/inst/cpu/R4/reg_writeW_reg_2[0]                                                                                                                                                      | design_1_i/axi_gpio_0/U0/gpio_core_1/gpio_io_o[0]                                                                                                                                        |               19 |             32 |         1.68 |
| ~design_1_i/processing_system7_0/inst/FCLK_CLK0 | design_1_i/top_0/inst/cpu/R4/reg_writeW_reg_8[0]                                                                                                                                                      | design_1_i/axi_gpio_0/U0/gpio_core_1/gpio_io_o[0]                                                                                                                                        |               14 |             32 |         2.29 |
| ~design_1_i/processing_system7_0/inst/FCLK_CLK0 | design_1_i/top_0/inst/cpu/R4/reg_writeW_reg_3[0]                                                                                                                                                      | design_1_i/axi_gpio_0/U0/gpio_core_1/gpio_io_o[0]                                                                                                                                        |               17 |             32 |         1.88 |
| ~design_1_i/processing_system7_0/inst/FCLK_CLK0 | design_1_i/top_0/inst/cpu/R4/reg_writeW_reg_9[0]                                                                                                                                                      | design_1_i/axi_gpio_0/U0/gpio_core_1/gpio_io_o[0]                                                                                                                                        |               25 |             32 |         1.28 |
| ~design_1_i/processing_system7_0/inst/FCLK_CLK0 | design_1_i/top_0/inst/cpu/R4/reg_writeW_reg_6[0]                                                                                                                                                      | design_1_i/axi_gpio_0/U0/gpio_core_1/gpio_io_o[0]                                                                                                                                        |               17 |             32 |         1.88 |
|  design_1_i/processing_system7_0/inst/FCLK_CLK0 | design_1_i/axi_smc/inst/m01_exit_pipeline/m01_exit/inst/splitter_inst/gen_axi4lite.axilite_conv/s_axi_rdata_i[31]_i_1_n_0                                                                             | design_1_i/axi_smc/inst/m01_exit_pipeline/m01_exit/inst/areset                                                                                                                           |                5 |             32 |         6.40 |
| ~design_1_i/processing_system7_0/inst/FCLK_CLK0 | design_1_i/top_0/inst/cpu/R4/reg_writeW_reg_5[0]                                                                                                                                                      | design_1_i/axi_gpio_0/U0/gpio_core_1/gpio_io_o[0]                                                                                                                                        |               13 |             32 |         2.46 |
| ~design_1_i/processing_system7_0/inst/FCLK_CLK0 | design_1_i/top_0/inst/cpu/R4/reg_writeW_reg_0[0]                                                                                                                                                      | design_1_i/axi_gpio_0/U0/gpio_core_1/gpio_io_o[0]                                                                                                                                        |               16 |             32 |         2.00 |
| ~design_1_i/processing_system7_0/inst/FCLK_CLK0 | design_1_i/top_0/inst/cpu/R4/reg_writeW_reg_1[0]                                                                                                                                                      | design_1_i/axi_gpio_0/U0/gpio_core_1/gpio_io_o[0]                                                                                                                                        |               18 |             32 |         1.78 |
| ~design_1_i/processing_system7_0/inst/FCLK_CLK0 | design_1_i/top_0/inst/cpu/R4/reg_writeW_reg_7[0]                                                                                                                                                      | design_1_i/axi_gpio_0/U0/gpio_core_1/gpio_io_o[0]                                                                                                                                        |               14 |             32 |         2.29 |
| ~design_1_i/processing_system7_0/inst/FCLK_CLK0 | design_1_i/top_0/inst/cpu/R4/reg_writeW_reg_12[0]                                                                                                                                                     | design_1_i/axi_gpio_0/U0/gpio_core_1/gpio_io_o[0]                                                                                                                                        |               21 |             32 |         1.52 |
| ~design_1_i/processing_system7_0/inst/FCLK_CLK0 | design_1_i/top_0/inst/cpu/R4/reg_writeW_reg_10[0]                                                                                                                                                     | design_1_i/axi_gpio_0/U0/gpio_core_1/gpio_io_o[0]                                                                                                                                        |               15 |             32 |         2.13 |
| ~design_1_i/processing_system7_0/inst/FCLK_CLK0 | design_1_i/top_0/inst/cpu/R4/reg_writeW_reg_13[0]                                                                                                                                                     | design_1_i/axi_gpio_0/U0/gpio_core_1/gpio_io_o[0]                                                                                                                                        |               20 |             32 |         1.60 |
|  design_1_i/processing_system7_0/inst/FCLK_CLK0 | design_1_i/top_0/inst/cpu/R2/E[0]                                                                                                                                                                     | design_1_i/top_0/inst/instrD[26]_i_1_n_0                                                                                                                                                 |                7 |             32 |         4.57 |
| ~design_1_i/processing_system7_0/inst/FCLK_CLK0 | design_1_i/top_0/inst/cpu/R4/reg_writeW_reg_4[0]                                                                                                                                                      | design_1_i/axi_gpio_0/U0/gpio_core_1/gpio_io_o[0]                                                                                                                                        |               13 |             32 |         2.46 |
|  design_1_i/processing_system7_0/inst/FCLK_CLK0 | design_1_i/axi_bram_ctrl_0/U0/gext_inst.abcv4_0_ext_inst/GEN_AXI4.I_FULL_AXI/I_WR_CHNL/wrdata_reg_ld                                                                                                  |                                                                                                                                                                                          |                9 |             32 |         3.56 |
|  design_1_i/processing_system7_0/inst/FCLK_CLK0 | design_1_i/axi_bram_ctrl_0/U0/gext_inst.abcv4_0_ext_inst/GEN_AXI4.I_FULL_AXI/I_RD_CHNL/rd_skid_buf_ld                                                                                                 | design_1_i/axi_bram_ctrl_0/U0/gext_inst.abcv4_0_ext_inst/GEN_AXI4.I_FULL_AXI/I_RD_CHNL/GEN_NO_RD_CMD_OPT.I_WRAP_BRST/SR[0]                                                               |                6 |             32 |         5.33 |
|  design_1_i/processing_system7_0/inst/FCLK_CLK0 | design_1_i/axi_bram_ctrl_0/U0/gext_inst.abcv4_0_ext_inst/GEN_AXI4.I_FULL_AXI/I_RD_CHNL/axi_rdata_en                                                                                                   | design_1_i/axi_bram_ctrl_0/U0/gext_inst.abcv4_0_ext_inst/GEN_AXI4.I_FULL_AXI/I_RD_CHNL/GEN_NO_RD_CMD_OPT.GEN_RDATA_NO_ECC.GEN_RDATA_NO_RL_NO_ECC.GEN_RDATA[31].axi_rdata_int[31]_i_1_n_0 |                7 |             32 |         4.57 |
|  design_1_i/processing_system7_0/inst/FCLK_CLK0 | design_1_i/axi_smc/inst/m00_nodes/m00_aw_node/inst/inst_mi_handler/gen_normal_area.inst_fifo_node_payld/gen_xpm_memory_fifo.inst_fifo/wr_wea                                                          |                                                                                                                                                                                          |                4 |             32 |         8.00 |
|  design_1_i/processing_system7_0/inst/FCLK_CLK0 | design_1_i/axi_smc/inst/m01_exit_pipeline/m01_exit/inst/r_reg/skid_buffer[1090]_i_1_n_0                                                                                                               |                                                                                                                                                                                          |                6 |             32 |         5.33 |
|  design_1_i/processing_system7_0/inst/FCLK_CLK0 | design_1_i/axi_smc/inst/m01_exit_pipeline/m01_exit/inst/r_reg/m_vector_i[0]                                                                                                                           |                                                                                                                                                                                          |                4 |             32 |         8.00 |
| ~design_1_i/processing_system7_0/inst/FCLK_CLK0 | design_1_i/top_0/inst/cpu/R4/reg_writeW_reg_11[0]                                                                                                                                                     | design_1_i/axi_gpio_0/U0/gpio_core_1/gpio_io_o[0]                                                                                                                                        |               16 |             32 |         2.00 |
| ~design_1_i/processing_system7_0/inst/FCLK_CLK0 | design_1_i/top_0/inst/cpu/R4/E[0]                                                                                                                                                                     | design_1_i/axi_gpio_0/U0/gpio_core_1/gpio_io_o[0]                                                                                                                                        |               16 |             32 |         2.00 |
|  design_1_i/processing_system7_0/inst/FCLK_CLK0 | design_1_i/axi_smc/inst/m00_exit_pipeline/m00_exit/inst/r_reg/m_vector_i[0]                                                                                                                           |                                                                                                                                                                                          |                7 |             33 |         4.71 |
|  design_1_i/processing_system7_0/inst/FCLK_CLK0 | design_1_i/axi_smc/inst/m00_exit_pipeline/m00_exit/inst/r_reg/skid_buffer[1090]_i_1_n_0                                                                                                               |                                                                                                                                                                                          |                7 |             33 |         4.71 |
|  design_1_i/processing_system7_0/inst/FCLK_CLK0 | design_1_i/axi_smc/inst/s00_entry_pipeline/s00_mmu/inst/r_sreg/skid_buffer[1058]_i_1_n_0                                                                                                              | design_1_i/axi_smc/inst/s00_entry_pipeline/s00_mmu/inst/r_sreg/skid_buffer[1088]_i_1_n_0                                                                                                 |                7 |             34 |         4.86 |
|  design_1_i/processing_system7_0/inst/FCLK_CLK0 | design_1_i/axi_smc/inst/m00_nodes/m00_ar_node/inst/inst_mi_handler/gen_normal_area.inst_fifo_node_payld/gen_xpm_memory_fifo.inst_fifo/gen_mem_rep[0].inst_rd_addrb/rd_addrb_incr                      | design_1_i/axi_smc/inst/m00_nodes/m00_ar_node/inst/inst_mi_handler/m_sc_areset_r                                                                                                         |                9 |             34 |         3.78 |
|  design_1_i/processing_system7_0/inst/FCLK_CLK0 | design_1_i/axi_smc/inst/m00_exit_pipeline/m00_exit/inst/w_reg/m_vector_i[0]                                                                                                                           |                                                                                                                                                                                          |                6 |             37 |         6.17 |
|  design_1_i/processing_system7_0/inst/FCLK_CLK0 | design_1_i/axi_smc/inst/s00_entry_pipeline/s00_mmu/inst/w_sreg/skid_buffer[2052]_i_1_n_0                                                                                                              |                                                                                                                                                                                          |                9 |             37 |         4.11 |
|  design_1_i/processing_system7_0/inst/FCLK_CLK0 | design_1_i/axi_smc/inst/m00_exit_pipeline/m00_exit/inst/w_reg/skid_buffer[2052]_i_1_n_0                                                                                                               |                                                                                                                                                                                          |                7 |             37 |         5.29 |
|  design_1_i/processing_system7_0/inst/FCLK_CLK0 | design_1_i/axi_smc/inst/s00_entry_pipeline/s00_mmu/inst/w_sreg/m_vector_i[0]                                                                                                                          |                                                                                                                                                                                          |                8 |             37 |         4.62 |
|  design_1_i/processing_system7_0/inst/FCLK_CLK0 | design_1_i/axi_smc/inst/s00_entry_pipeline/s00_si_converter/inst/converter.low_area_converter.low_area_wrap_inst/aw_user[0]                                                                           | design_1_i/axi_smc/inst/s00_entry_pipeline/s00_si_converter/inst/areset                                                                                                                  |               12 |             38 |         3.17 |
|  design_1_i/processing_system7_0/inst/FCLK_CLK0 | design_1_i/axi_smc/inst/m01_nodes/m01_ar_node/inst/inst_mi_handler/gen_normal_area.inst_fifo_node_payld/gen_xpm_memory_fifo.inst_fifo/wr_wea                                                          |                                                                                                                                                                                          |                5 |             40 |         8.00 |
|  design_1_i/processing_system7_0/inst/FCLK_CLK0 | design_1_i/axi_smc/inst/s00_nodes/s00_aw_node/inst/inst_mi_handler/gen_normal_area.inst_fifo_node_payld/gen_xpm_memory_fifo.inst_fifo/wr_wea                                                          |                                                                                                                                                                                          |                5 |             40 |         8.00 |
|  design_1_i/processing_system7_0/inst/FCLK_CLK0 | design_1_i/axi_smc/inst/s00_entry_pipeline/s00_mmu/inst/aw_reg_stall/skid_buffer[1144]_i_1__0_n_0                                                                                                     |                                                                                                                                                                                          |               10 |             43 |         4.30 |
|  design_1_i/processing_system7_0/inst/FCLK_CLK0 | design_1_i/axi_smc/inst/m01_nodes/m01_r_node/inst/inst_mi_handler/gen_normal_area.inst_fifo_node_payld/gen_xpm_memory_fifo.inst_fifo/gen_mem_rep[0].inst_rd_addrb/rd_addrb_incr                       | design_1_i/axi_smc/inst/m01_nodes/m01_r_node/inst/inst_mi_handler/m_sc_areset_r                                                                                                          |                9 |             43 |         4.78 |
|  design_1_i/processing_system7_0/inst/FCLK_CLK0 | design_1_i/axi_smc/inst/m00_nodes/m00_w_node/inst/inst_mi_handler/gen_normal_area.inst_fifo_node_payld/gen_xpm_memory_fifo.inst_fifo/gen_mem_rep[0].inst_rd_addrb/rd_addrb_incr                       | design_1_i/axi_smc/inst/m00_nodes/m00_w_node/inst/inst_mi_handler/m_sc_areset_r                                                                                                          |                9 |             43 |         4.78 |
|  design_1_i/processing_system7_0/inst/FCLK_CLK0 | design_1_i/axi_smc/inst/s00_entry_pipeline/s00_mmu/inst/aw_reg_stall/m_vector_i[0]                                                                                                                    |                                                                                                                                                                                          |               10 |             43 |         4.30 |
|  design_1_i/processing_system7_0/inst/FCLK_CLK0 | design_1_i/axi_smc/inst/s00_nodes/s00_r_node/inst/inst_mi_handler/gen_normal_area.inst_fifo_node_payld/gen_xpm_memory_fifo.inst_fifo/gen_mem_rep[0].inst_rd_addrb/rd_addrb_incr                       | design_1_i/axi_smc/inst/s00_nodes/s00_r_node/inst/inst_mi_handler/m_sc_areset_r                                                                                                          |               10 |             43 |         4.30 |
|  design_1_i/processing_system7_0/inst/FCLK_CLK0 |                                                                                                                                                                                                       | design_1_i/axi_smc/inst/s00_entry_pipeline/s00_si_converter/inst/areset                                                                                                                  |               23 |             43 |         1.87 |
|  design_1_i/processing_system7_0/inst/FCLK_CLK0 | design_1_i/axi_smc/inst/m00_nodes/m00_r_node/inst/inst_mi_handler/gen_normal_area.inst_fifo_node_payld/gen_xpm_memory_fifo.inst_fifo/gen_mem_rep[0].inst_rd_addrb/rd_addrb_incr                       | design_1_i/axi_smc/inst/m00_nodes/m00_r_node/inst/inst_mi_handler/m_sc_areset_r                                                                                                          |                9 |             43 |         4.78 |
|  design_1_i/processing_system7_0/inst/FCLK_CLK0 | design_1_i/axi_smc/inst/s00_nodes/s00_w_node/inst/inst_mi_handler/gen_normal_area.inst_fifo_send/rd_addrb_incr                                                                                        | design_1_i/axi_smc/inst/s00_nodes/s00_w_node/inst/inst_mi_handler/m_sc_areset_r                                                                                                          |               10 |             43 |         4.30 |
|  design_1_i/processing_system7_0/inst/FCLK_CLK0 | design_1_i/axi_smc/inst/s00_entry_pipeline/s00_mmu/inst/ar_reg_stall/m_vector_i[0]                                                                                                                    |                                                                                                                                                                                          |                8 |             43 |         5.38 |
|  design_1_i/processing_system7_0/inst/FCLK_CLK0 | design_1_i/axi_smc/inst/s00_entry_pipeline/s00_mmu/inst/ar_reg_stall/skid_buffer[1144]_i_1_n_0                                                                                                        |                                                                                                                                                                                          |                9 |             43 |         4.78 |
|  design_1_i/processing_system7_0/inst/FCLK_CLK0 | design_1_i/axi_smc/inst/s00_entry_pipeline/s00_transaction_regulator/inst/gen_endpoint.gen_w_multithread.w_multithread/cmd_reg/skid_buffer[1144]_i_1_n_0                                              |                                                                                                                                                                                          |                8 |             44 |         5.50 |
|  design_1_i/processing_system7_0/inst/FCLK_CLK0 | design_1_i/axi_smc/inst/s00_entry_pipeline/s00_transaction_regulator/inst/gen_endpoint.gen_w_multithread.w_multithread/cmd_reg/m_vector_i[0]                                                          |                                                                                                                                                                                          |                8 |             44 |         5.50 |
|  design_1_i/processing_system7_0/inst/FCLK_CLK0 | design_1_i/axi_smc/inst/s00_entry_pipeline/s00_transaction_regulator/inst/gen_endpoint.gen_w_multithread.w_multithread/cmd_reg/E[0]                                                                   |                                                                                                                                                                                          |               13 |             44 |         3.38 |
|  design_1_i/processing_system7_0/inst/FCLK_CLK0 | design_1_i/axi_smc/inst/m01_nodes/m01_w_node/inst/inst_mi_handler/gen_normal_area.inst_fifo_node_payld/gen_xpm_memory_fifo.inst_fifo/wr_wea                                                           |                                                                                                                                                                                          |                6 |             44 |         7.33 |
|  design_1_i/processing_system7_0/inst/FCLK_CLK0 | design_1_i/axi_smc/inst/s00_nodes/s00_ar_node/inst/inst_mi_handler/gen_normal_area.inst_fifo_send/rd_addrb_incr                                                                                       | design_1_i/axi_smc/inst/s00_nodes/s00_ar_node/inst/inst_mi_handler/m_sc_areset_r                                                                                                         |               10 |             45 |         4.50 |
|  design_1_i/processing_system7_0/inst/FCLK_CLK0 |                                                                                                                                                                                                       | design_1_i/axi_smc/inst/s00_entry_pipeline/s00_mmu/inst/areset                                                                                                                           |               20 |             47 |         2.35 |
|  design_1_i/processing_system7_0/inst/FCLK_CLK0 | design_1_i/axi_smc/inst/s00_entry_pipeline/s00_mmu/inst/r_sreg/m_vector_i[0]                                                                                                                          |                                                                                                                                                                                          |               14 |             47 |         3.36 |
|  design_1_i/processing_system7_0/inst/FCLK_CLK0 | design_1_i/axi_smc/inst/s00_entry_pipeline/s00_transaction_regulator/inst/gen_endpoint.gen_r_multithread.r_multithread/cmd_reg/skid_buffer[1144]_i_1__0_n_0                                           |                                                                                                                                                                                          |               10 |             47 |         4.70 |
|  design_1_i/processing_system7_0/inst/FCLK_CLK0 | design_1_i/axi_smc/inst/s00_entry_pipeline/s00_transaction_regulator/inst/gen_endpoint.gen_r_multithread.r_multithread/cmd_reg/E[0]                                                                   |                                                                                                                                                                                          |               13 |             47 |         3.62 |
|  design_1_i/processing_system7_0/inst/FCLK_CLK0 | design_1_i/axi_smc/inst/s00_entry_pipeline/s00_transaction_regulator/inst/gen_endpoint.gen_r_multithread.r_multithread/cmd_reg/m_vector_i[0]                                                          |                                                                                                                                                                                          |               10 |             47 |         4.70 |
|  design_1_i/processing_system7_0/inst/FCLK_CLK0 | design_1_i/axi_smc/inst/m00_nodes/m00_ar_node/inst/inst_mi_handler/gen_normal_area.inst_fifo_node_payld/gen_xpm_memory_fifo.inst_fifo/wr_wea                                                          |                                                                                                                                                                                          |                6 |             48 |         8.00 |
|  design_1_i/processing_system7_0/inst/FCLK_CLK0 | design_1_i/axi_smc/inst/s00_entry_pipeline/s00_si_converter/inst/converter.low_area_converter.low_area_wrap_inst/ar_user[0]                                                                           | design_1_i/axi_smc/inst/s00_entry_pipeline/s00_si_converter/inst/areset                                                                                                                  |               11 |             49 |         4.45 |
|  design_1_i/processing_system7_0/inst/FCLK_CLK0 |                                                                                                                                                                                                       | design_1_i/axi_smc/inst/m01_exit_pipeline/m01_exit/inst/areset                                                                                                                           |               21 |             49 |         2.33 |
|  design_1_i/processing_system7_0/inst/FCLK_CLK0 | design_1_i/axi_smc/inst/m00_nodes/m00_w_node/inst/inst_mi_handler/gen_normal_area.inst_fifo_node_payld/gen_xpm_memory_fifo.inst_fifo/wr_wea                                                           |                                                                                                                                                                                          |                7 |             52 |         7.43 |
|  design_1_i/processing_system7_0/inst/FCLK_CLK0 | design_1_i/axi_smc/inst/s00_entry_pipeline/s00_mmu/inst/ar_sreg/skid_buffer[1144]_i_1__1_n_0                                                                                                          |                                                                                                                                                                                          |               11 |             52 |         4.73 |
|  design_1_i/processing_system7_0/inst/FCLK_CLK0 | design_1_i/axi_smc/inst/s00_nodes/s00_r_node/inst/inst_mi_handler/gen_normal_area.inst_fifo_node_payld/gen_xpm_memory_fifo.inst_fifo/wr_wea                                                           |                                                                                                                                                                                          |                7 |             52 |         7.43 |
|  design_1_i/processing_system7_0/inst/FCLK_CLK0 | design_1_i/axi_smc/inst/s00_entry_pipeline/s00_mmu/inst/aw_sreg/skid_buffer[1144]_i_1__2_n_0                                                                                                          |                                                                                                                                                                                          |               16 |             52 |         3.25 |
|  design_1_i/processing_system7_0/inst/FCLK_CLK0 | design_1_i/axi_smc/inst/s00_entry_pipeline/s00_mmu/inst/aw_sreg/m_vector_i[0]                                                                                                                         |                                                                                                                                                                                          |               12 |             52 |         4.33 |
|  design_1_i/processing_system7_0/inst/FCLK_CLK0 | design_1_i/axi_smc/inst/s00_entry_pipeline/s00_mmu/inst/ar_sreg/m_vector_i[0]                                                                                                                         |                                                                                                                                                                                          |               10 |             52 |         5.20 |
|  design_1_i/processing_system7_0/inst/FCLK_CLK0 | design_1_i/axi_smc/inst/m01_nodes/m01_r_node/inst/inst_mi_handler/gen_normal_area.inst_fifo_node_payld/gen_xpm_memory_fifo.inst_fifo/wr_wea                                                           |                                                                                                                                                                                          |                7 |             56 |         8.00 |
|  design_1_i/processing_system7_0/inst/FCLK_CLK0 | design_1_i/axi_smc/inst/s00_nodes/s00_w_node/inst/inst_mi_handler/gen_normal_area.inst_fifo_node_payld/gen_xpm_memory_fifo.inst_fifo/wr_wea                                                           |                                                                                                                                                                                          |                7 |             56 |         8.00 |
|  design_1_i/processing_system7_0/inst/FCLK_CLK0 | design_1_i/axi_smc/inst/m00_nodes/m00_r_node/inst/inst_mi_handler/gen_normal_area.inst_fifo_node_payld/gen_xpm_memory_fifo.inst_fifo/wr_wea                                                           |                                                                                                                                                                                          |                7 |             56 |         8.00 |
|  design_1_i/processing_system7_0/inst/FCLK_CLK0 |                                                                                                                                                                                                       | design_1_i/axi_smc/inst/s00_entry_pipeline/s00_transaction_regulator/inst/areset                                                                                                         |               27 |             62 |         2.30 |
|  design_1_i/processing_system7_0/inst/FCLK_CLK0 | design_1_i/axi_smc/inst/s00_nodes/s00_ar_node/inst/inst_mi_handler/gen_normal_area.inst_fifo_node_payld/gen_xpm_memory_fifo.inst_fifo/wr_wea                                                          |                                                                                                                                                                                          |                8 |             64 |         8.00 |
|  design_1_i/processing_system7_0/inst/FCLK_CLK0 |                                                                                                                                                                                                       | design_1_i/top_0/inst/cpu/R2/alu_controlE[4]_i_1_n_0                                                                                                                                     |               78 |            109 |         1.40 |
|  design_1_i/processing_system7_0/inst/FCLK_CLK0 |                                                                                                                                                                                                       | design_1_i/axi_gpio_0/U0/gpio_core_1/gpio_io_o[0]                                                                                                                                        |               67 |            120 |         1.79 |
|  design_1_i/processing_system7_0/inst/FCLK_CLK0 |                                                                                                                                                                                                       |                                                                                                                                                                                          |              142 |            364 |         2.56 |
+-------------------------------------------------+-------------------------------------------------------------------------------------------------------------------------------------------------------------------------------------------------------+------------------------------------------------------------------------------------------------------------------------------------------------------------------------------------------+------------------+----------------+--------------+


